name,CS0_vs_CS6-9
ENSG00000001036,NE
ENSG00000001461,NE
ENSG00000001561,NE
ENSG00000001630,NE
ENSG00000001631,NE
ENSG00000002587,NE
ENSG00000002746,NE
ENSG00000003056,NE
ENSG00000003137,NE
ENSG00000003393,NE
ENSG00000003402,E
ENSG00000003756,NE
ENSG00000003987,NE
ENSG00000003989,NE
ENSG00000004399,NE
ENSG00000004468,NE
ENSG00000004660,NE
ENSG00000004809,NE
ENSG00000004897,E
ENSG00000005001,NE
ENSG00000005007,E
ENSG00000005059,NE
ENSG00000005100,E
ENSG00000005108,NE
ENSG00000005469,NE
ENSG00000005486,NE
ENSG00000005801,NE
ENSG00000006047,NE
ENSG00000006210,NE
ENSG00000006432,NE
ENSG00000006453,NE
ENSG00000006468,NE
ENSG00000006576,NE
ENSG00000006607,NE
ENSG00000006611,NE
ENSG00000006638,NE
ENSG00000006740,NE
ENSG00000007062,NE
ENSG00000007129,NE
ENSG00000007168,E
ENSG00000007171,NE
ENSG00000007376,NE
ENSG00000007944,NE
ENSG00000008018,E
ENSG00000008118,NE
ENSG00000008277,NE
ENSG00000008311,NE
ENSG00000008324,E
ENSG00000008382,NE
ENSG00000008394,NE
ENSG00000008441,NE
ENSG00000008517,NE
ENSG00000010219,NE
ENSG00000010244,E
ENSG00000010270,NE
ENSG00000010292,E
ENSG00000010361,NE
ENSG00000010610,NE
ENSG00000010626,NE
ENSG00000010810,NE
ENSG00000010818,NE
ENSG00000011028,NE
ENSG00000011132,NE
ENSG00000011198,NE
ENSG00000011454,NE
ENSG00000011465,NE
ENSG00000011566,NE
ENSG00000011600,NE
ENSG00000011638,NE
ENSG00000012660,NE
ENSG00000013016,NE
ENSG00000013288,NE
ENSG00000013374,NE
ENSG00000013392,NE
ENSG00000013441,NE
ENSG00000013503,E
ENSG00000013583,NE
ENSG00000014138,E
ENSG00000015592,NE
ENSG00000016864,NE
ENSG00000018510,NE
ENSG00000018699,E
ENSG00000018869,NE
ENSG00000019144,NE
ENSG00000019186,NE
ENSG00000019505,NE
ENSG00000019582,NE
ENSG00000019991,NE
ENSG00000020181,NE
ENSG00000021355,NE
ENSG00000021574,NE
ENSG00000021776,E
ENSG00000021826,NE
ENSG00000023041,NE
ENSG00000023171,NE
ENSG00000023608,E
ENSG00000025434,NE
ENSG00000025772,NE
ENSG00000026025,NE
ENSG00000026950,NE
ENSG00000027869,NE
ENSG00000028116,NE
ENSG00000028277,NE
ENSG00000028839,NE
ENSG00000030066,E
ENSG00000030304,NE
ENSG00000031003,NE
ENSG00000031698,E
ENSG00000033011,E
ENSG00000033170,NE
ENSG00000034713,NE
ENSG00000035720,NE
ENSG00000036530,NE
ENSG00000036565,NE
ENSG00000036828,NE
ENSG00000037280,NE
ENSG00000038002,NE
ENSG00000038210,NE
ENSG00000038532,NE
ENSG00000039123,E
ENSG00000039523,NE
ENSG00000039537,NE
ENSG00000040341,NE
ENSG00000040731,NE
ENSG00000041357,E
ENSG00000041802,E
ENSG00000042317,NE
ENSG00000042832,NE
ENSG00000043143,NE
ENSG00000043591,NE
ENSG00000044574,E
ENSG00000047056,NE
ENSG00000047249,E
ENSG00000047315,E
ENSG00000047346,NE
ENSG00000047457,NE
ENSG00000047662,NE
ENSG00000047932,NE
ENSG00000047936,NE
ENSG00000048028,NE
ENSG00000048052,NE
ENSG00000048140,NE
ENSG00000048162,E
ENSG00000048405,NE
ENSG00000048540,NE
ENSG00000048649,NE
ENSG00000049130,NE
ENSG00000049245,NE
ENSG00000050405,NE
ENSG00000050426,NE
ENSG00000050748,NE
ENSG00000051009,NE
ENSG00000051108,NE
ENSG00000051620,NE
ENSG00000052749,E
ENSG00000052802,NE
ENSG00000053372,E
ENSG00000053702,NE
ENSG00000053900,E
ENSG00000054116,E
ENSG00000054148,NE
ENSG00000054277,NE
ENSG00000054356,NE
ENSG00000054392,NE
ENSG00000054598,NE
ENSG00000054611,NE
ENSG00000054654,NE
ENSG00000054690,NE
ENSG00000055044,E
ENSG00000055483,E
ENSG00000055609,NE
ENSG00000055732,NE
ENSG00000056558,NE
ENSG00000057019,NE
ENSG00000057149,NE
ENSG00000057252,NE
ENSG00000057663,NE
ENSG00000057704,NE
ENSG00000058091,NE
ENSG00000058262,E
ENSG00000058272,E
ENSG00000058729,E
ENSG00000058799,NE
ENSG00000059378,NE
ENSG00000059728,NE
ENSG00000060069,E
ENSG00000060140,NE
ENSG00000060749,NE
ENSG00000060762,NE
ENSG00000060982,NE
ENSG00000061918,NE
ENSG00000061938,NE
ENSG00000062282,NE
ENSG00000062822,E
ENSG00000063177,E
ENSG00000063244,E
ENSG00000063245,NE
ENSG00000063761,NE
ENSG00000064012,NE
ENSG00000064042,NE
ENSG00000064115,NE
ENSG00000064199,NE
ENSG00000064419,E
ENSG00000064601,NE
ENSG00000064651,NE
ENSG00000064652,NE
ENSG00000064655,NE
ENSG00000064687,NE
ENSG00000064703,E
ENSG00000064726,NE
ENSG00000064961,NE
ENSG00000064989,NE
ENSG00000064999,NE
ENSG00000065029,NE
ENSG00000065057,NE
ENSG00000065183,E
ENSG00000065413,NE
ENSG00000065427,E
ENSG00000065457,NE
ENSG00000065485,NE
ENSG00000065534,NE
ENSG00000065548,NE
ENSG00000065559,NE
ENSG00000065621,NE
ENSG00000065665,NE
ENSG00000065717,NE
ENSG00000065802,NE
ENSG00000065809,NE
ENSG00000065978,E
ENSG00000066027,NE
ENSG00000066136,E
ENSG00000066248,NE
ENSG00000066294,NE
ENSG00000066382,NE
ENSG00000066422,E
ENSG00000066583,NE
ENSG00000066739,NE
ENSG00000067066,NE
ENSG00000067113,NE
ENSG00000067182,NE
ENSG00000067248,NE
ENSG00000067365,NE
ENSG00000067369,NE
ENSG00000067836,NE
ENSG00000067955,NE
ENSG00000068028,NE
ENSG00000068078,NE
ENSG00000068137,NE
ENSG00000068305,NE
ENSG00000068654,E
ENSG00000068784,E
ENSG00000069248,E
ENSG00000069399,NE
ENSG00000069424,NE
ENSG00000069431,NE
ENSG00000069869,NE
ENSG00000069966,NE
ENSG00000069974,NE
ENSG00000070010,E
ENSG00000070190,NE
ENSG00000070269,NE
ENSG00000070404,NE
ENSG00000070476,NE
ENSG00000070501,NE
ENSG00000070540,NE
ENSG00000070614,NE
ENSG00000070785,E
ENSG00000070831,E
ENSG00000070882,NE
ENSG00000070886,NE
ENSG00000071082,E
ENSG00000071189,NE
ENSG00000071246,NE
ENSG00000071282,NE
ENSG00000071462,E
ENSG00000071677,NE
ENSG00000071794,NE
ENSG00000071994,E
ENSG00000072041,NE
ENSG00000072042,NE
ENSG00000072071,NE
ENSG00000072135,NE
ENSG00000072163,NE
ENSG00000072210,NE
ENSG00000072415,NE
ENSG00000072422,NE
ENSG00000072736,NE
ENSG00000072756,E
ENSG00000072840,NE
ENSG00000073111,E
ENSG00000073331,NE
ENSG00000073712,E
ENSG00000073737,NE
ENSG00000073756,NE
ENSG00000073849,NE
ENSG00000073921,NE
ENSG00000074201,E
ENSG00000074211,NE
ENSG00000074319,E
ENSG00000074603,NE
ENSG00000074695,NE
ENSG00000074842,NE
ENSG00000074964,NE
ENSG00000075188,NE
ENSG00000075240,NE
ENSG00000075275,NE
ENSG00000075336,NE
ENSG00000075388,NE
ENSG00000075539,NE
ENSG00000075643,NE
ENSG00000075826,NE
ENSG00000075856,E
ENSG00000075914,E
ENSG00000076003,E
ENSG00000076201,E
ENSG00000076258,NE
ENSG00000076554,NE
ENSG00000076706,NE
ENSG00000076864,NE
ENSG00000076924,E
ENSG00000077238,NE
ENSG00000077380,E
ENSG00000077463,NE
ENSG00000077498,NE
ENSG00000077514,E
ENSG00000077684,NE
ENSG00000077942,NE
ENSG00000078018,NE
ENSG00000078070,NE
ENSG00000078124,NE
ENSG00000078140,NE
ENSG00000078246,NE
ENSG00000078269,NE
ENSG00000078295,NE
ENSG00000078403,NE
ENSG00000078699,NE
ENSG00000078725,NE
ENSG00000078747,NE
ENSG00000078804,NE
ENSG00000078902,NE
ENSG00000079134,E
ENSG00000079215,NE
ENSG00000079246,E
ENSG00000079308,NE
ENSG00000079337,NE
ENSG00000079385,NE
ENSG00000079432,NE
ENSG00000079557,NE
ENSG00000079691,NE
ENSG00000079819,NE
ENSG00000079999,NE
ENSG00000080031,NE
ENSG00000080166,NE
ENSG00000080224,NE
ENSG00000080298,NE
ENSG00000080546,NE
ENSG00000080573,NE
ENSG00000080603,E
ENSG00000080644,NE
ENSG00000080845,NE
ENSG00000081014,NE
ENSG00000081026,NE
ENSG00000081051,NE
ENSG00000081052,NE
ENSG00000081087,NE
ENSG00000081177,NE
ENSG00000081692,NE
ENSG00000081800,NE
ENSG00000081870,NE
ENSG00000081913,NE
ENSG00000081923,NE
ENSG00000082014,NE
ENSG00000082068,E
ENSG00000082074,NE
ENSG00000082175,NE
ENSG00000082196,NE
ENSG00000082212,NE
ENSG00000082213,NE
ENSG00000082397,NE
ENSG00000082497,NE
ENSG00000082516,E
ENSG00000082898,E
ENSG00000083067,NE
ENSG00000083444,NE
ENSG00000083457,NE
ENSG00000083535,NE
ENSG00000083544,NE
ENSG00000083720,NE
ENSG00000083814,NE
ENSG00000083828,NE
ENSG00000083838,NE
ENSG00000083844,NE
ENSG00000083845,E
ENSG00000083857,NE
ENSG00000084453,NE
ENSG00000084463,E
ENSG00000084623,E
ENSG00000084636,NE
ENSG00000085231,E
ENSG00000085265,NE
ENSG00000085276,NE
ENSG00000085415,E
ENSG00000085449,NE
ENSG00000085788,NE
ENSG00000085872,E
ENSG00000086062,NE
ENSG00000086102,NE
ENSG00000086232,NE
ENSG00000086289,NE
ENSG00000086589,E
ENSG00000086619,NE
ENSG00000086696,NE
ENSG00000086991,NE
ENSG00000087008,NE
ENSG00000087076,NE
ENSG00000087086,NE
ENSG00000087088,NE
ENSG00000087095,NE
ENSG00000087191,E
ENSG00000087245,NE
ENSG00000087266,NE
ENSG00000087365,E
ENSG00000087586,E
ENSG00000088205,E
ENSG00000088305,NE
ENSG00000088356,E
ENSG00000088367,NE
ENSG00000088386,NE
ENSG00000088387,NE
ENSG00000088448,NE
ENSG00000088756,NE
ENSG00000088808,NE
ENSG00000088836,NE
ENSG00000088876,NE
ENSG00000088881,NE
ENSG00000088888,NE
ENSG00000088930,E
ENSG00000089006,NE
ENSG00000089009,E
ENSG00000089048,E
ENSG00000089050,NE
ENSG00000089053,E
ENSG00000089057,NE
ENSG00000089091,NE
ENSG00000089127,NE
ENSG00000089157,E
ENSG00000089177,NE
ENSG00000089327,NE
ENSG00000089335,NE
ENSG00000089356,NE
ENSG00000089737,E
ENSG00000089916,NE
ENSG00000090013,NE
ENSG00000090061,E
ENSG00000090273,E
ENSG00000090339,NE
ENSG00000090402,NE
ENSG00000090530,NE
ENSG00000090539,NE
ENSG00000090581,NE
ENSG00000090686,NE
ENSG00000090861,E
ENSG00000090971,NE
ENSG00000091651,E
ENSG00000092094,E
ENSG00000092108,E
ENSG00000092199,E
ENSG00000092201,E
ENSG00000092330,E
ENSG00000092421,NE
ENSG00000092964,NE
ENSG00000093144,NE
ENSG00000093167,NE
ENSG00000093183,NE
ENSG00000093217,NE
ENSG00000094880,E
ENSG00000094963,NE
ENSG00000095066,NE
ENSG00000095139,E
ENSG00000095203,NE
ENSG00000095464,NE
ENSG00000095637,NE
ENSG00000095777,NE
ENSG00000095951,NE
ENSG00000095981,NE
ENSG00000096006,NE
ENSG00000096092,NE
ENSG00000096401,E
ENSG00000096654,NE
ENSG00000096968,NE
ENSG00000097021,NE
ENSG00000097033,NE
ENSG00000097046,E
ENSG00000099139,NE
ENSG00000099204,NE
ENSG00000099250,NE
ENSG00000099256,NE
ENSG00000099330,NE
ENSG00000099337,NE
ENSG00000099341,E
ENSG00000099769,NE
ENSG00000099804,NE
ENSG00000099810,NE
ENSG00000099812,NE
ENSG00000099817,E
ENSG00000099860,NE
ENSG00000099866,NE
ENSG00000099875,NE
ENSG00000099949,NE
ENSG00000099957,NE
ENSG00000099960,NE
ENSG00000099994,NE
ENSG00000099995,E
ENSG00000100023,E
ENSG00000100024,NE
ENSG00000100029,E
ENSG00000100034,NE
ENSG00000100056,E
ENSG00000100078,NE
ENSG00000100079,NE
ENSG00000100097,NE
ENSG00000100099,NE
ENSG00000100100,NE
ENSG00000100121,E
ENSG00000100138,E
ENSG00000100142,E
ENSG00000100154,NE
ENSG00000100170,NE
ENSG00000100197,NE
ENSG00000100207,NE
ENSG00000100216,E
ENSG00000100219,NE
ENSG00000100227,NE
ENSG00000100228,NE
ENSG00000100234,NE
ENSG00000100241,NE
ENSG00000100242,NE
ENSG00000100253,NE
ENSG00000100258,NE
ENSG00000100266,NE
ENSG00000100271,NE
ENSG00000100288,NE
ENSG00000100292,NE
ENSG00000100297,E
ENSG00000100300,NE
ENSG00000100304,NE
ENSG00000100307,NE
ENSG00000100311,NE
ENSG00000100316,E
ENSG00000100324,NE
ENSG00000100325,NE
ENSG00000100342,NE
ENSG00000100344,NE
ENSG00000100353,E
ENSG00000100354,NE
ENSG00000100360,NE
ENSG00000100364,NE
ENSG00000100372,NE
ENSG00000100376,NE
ENSG00000100387,E
ENSG00000100399,NE
ENSG00000100401,E
ENSG00000100410,E
ENSG00000100413,E
ENSG00000100417,NE
ENSG00000100422,NE
ENSG00000100429,NE
ENSG00000100433,NE
ENSG00000100439,NE
ENSG00000100441,NE
ENSG00000100462,E
ENSG00000100479,E
ENSG00000100503,NE
ENSG00000100519,E
ENSG00000100554,E
ENSG00000100565,NE
ENSG00000100567,E
ENSG00000100577,NE
ENSG00000100600,NE
ENSG00000100603,E
ENSG00000100614,NE
ENSG00000100632,E
ENSG00000100644,NE
ENSG00000100647,NE
ENSG00000100652,NE
ENSG00000100664,E
ENSG00000100711,NE
ENSG00000100739,NE
ENSG00000100744,NE
ENSG00000100764,E
ENSG00000100784,NE
ENSG00000100804,E
ENSG00000100836,E
ENSG00000100865,E
ENSG00000100867,NE
ENSG00000100883,E
ENSG00000100938,NE
ENSG00000100941,E
ENSG00000100983,NE
ENSG00000100994,NE
ENSG00000101003,E
ENSG00000101004,NE
ENSG00000101017,NE
ENSG00000101052,NE
ENSG00000101096,NE
ENSG00000101104,NE
ENSG00000101134,NE
ENSG00000101144,NE
ENSG00000101146,E
ENSG00000101152,NE
ENSG00000101161,E
ENSG00000101166,E
ENSG00000101182,E
ENSG00000101197,NE
ENSG00000101199,NE
ENSG00000101210,NE
ENSG00000101236,NE
ENSG00000101255,NE
ENSG00000101276,NE
ENSG00000101298,NE
ENSG00000101323,NE
ENSG00000101331,NE
ENSG00000101343,E
ENSG00000101365,NE
ENSG00000101384,NE
ENSG00000101421,E
ENSG00000101463,NE
ENSG00000101474,NE
ENSG00000101544,NE
ENSG00000101574,NE
ENSG00000101577,NE
ENSG00000101654,E
ENSG00000101670,NE
ENSG00000101680,NE
ENSG00000101745,NE
ENSG00000101751,NE
ENSG00000102468,NE
ENSG00000102471,NE
ENSG00000102531,NE
ENSG00000102547,NE
ENSG00000102580,NE
ENSG00000102710,NE
ENSG00000102753,NE
ENSG00000102755,NE
ENSG00000102781,NE
ENSG00000102794,NE
ENSG00000102871,NE
ENSG00000102897,NE
ENSG00000102900,E
ENSG00000102910,NE
ENSG00000102921,NE
ENSG00000102934,NE
ENSG00000102935,NE
ENSG00000102974,E
ENSG00000102978,E
ENSG00000103035,E
ENSG00000103037,NE
ENSG00000103047,E
ENSG00000103064,NE
ENSG00000103111,NE
ENSG00000103121,NE
ENSG00000103154,NE
ENSG00000103168,E
ENSG00000103175,NE
ENSG00000103187,NE
ENSG00000103196,NE
ENSG00000103197,NE
ENSG00000103202,NE
ENSG00000103222,NE
ENSG00000103253,NE
ENSG00000103260,NE
ENSG00000103274,E
ENSG00000103275,E
ENSG00000103313,NE
ENSG00000103316,NE
ENSG00000103319,NE
ENSG00000103342,E
ENSG00000103363,E
ENSG00000103375,NE
ENSG00000103381,NE
ENSG00000103460,NE
ENSG00000103479,NE
ENSG00000103485,NE
ENSG00000103495,NE
ENSG00000103510,E
ENSG00000103550,NE
ENSG00000103591,NE
ENSG00000103647,NE
ENSG00000103657,NE
ENSG00000103811,NE
ENSG00000103852,NE
ENSG00000103932,E
ENSG00000103966,NE
ENSG00000104047,NE
ENSG00000104055,NE
ENSG00000104154,NE
ENSG00000104177,NE
ENSG00000104219,NE
ENSG00000104221,E
ENSG00000104228,NE
ENSG00000104299,E
ENSG00000104313,NE
ENSG00000104320,NE
ENSG00000104325,NE
ENSG00000104327,NE
ENSG00000104332,NE
ENSG00000104341,NE
ENSG00000104368,NE
ENSG00000104408,E
ENSG00000104419,NE
ENSG00000104427,NE
ENSG00000104447,NE
ENSG00000104611,NE
ENSG00000104643,NE
ENSG00000104660,NE
ENSG00000104679,NE
ENSG00000104714,NE
ENSG00000104723,NE
ENSG00000104728,NE
ENSG00000104738,E
ENSG00000104760,NE
ENSG00000104763,NE
ENSG00000104765,NE
ENSG00000104808,NE
ENSG00000104814,NE
ENSG00000104852,E
ENSG00000104870,NE
ENSG00000104880,NE
ENSG00000104897,E
ENSG00000104938,NE
ENSG00000104976,E
ENSG00000105053,NE
ENSG00000105063,NE
ENSG00000105122,NE
ENSG00000105136,NE
ENSG00000105143,NE
ENSG00000105146,NE
ENSG00000105176,E
ENSG00000105193,E
ENSG00000105223,NE
ENSG00000105245,NE
ENSG00000105258,E
ENSG00000105287,NE
ENSG00000105298,E
ENSG00000105323,NE
ENSG00000105372,E
ENSG00000105388,NE
ENSG00000105393,NE
ENSG00000105401,E
ENSG00000105402,E
ENSG00000105426,NE
ENSG00000105429,NE
ENSG00000105472,NE
ENSG00000105499,NE
ENSG00000105552,NE
ENSG00000105607,NE
ENSG00000105669,E
ENSG00000105671,E
ENSG00000105679,NE
ENSG00000105699,NE
ENSG00000105708,NE
ENSG00000105722,NE
ENSG00000105738,NE
ENSG00000105819,E
ENSG00000105825,NE
ENSG00000105852,NE
ENSG00000105855,NE
ENSG00000105866,NE
ENSG00000105894,NE
ENSG00000105967,NE
ENSG00000105971,NE
ENSG00000105974,NE
ENSG00000105983,NE
ENSG00000105989,NE
ENSG00000106025,NE
ENSG00000106034,NE
ENSG00000106049,NE
ENSG00000106070,NE
ENSG00000106080,NE
ENSG00000106086,NE
ENSG00000106105,E
ENSG00000106113,NE
ENSG00000106123,NE
ENSG00000106144,NE
ENSG00000106211,NE
ENSG00000106245,E
ENSG00000106263,E
ENSG00000106266,NE
ENSG00000106290,E
ENSG00000106355,E
ENSG00000106397,NE
ENSG00000106399,E
ENSG00000106415,NE
ENSG00000106436,NE
ENSG00000106443,NE
ENSG00000106459,E
ENSG00000106462,NE
ENSG00000106477,NE
ENSG00000106483,NE
ENSG00000106537,NE
ENSG00000106571,NE
ENSG00000106588,E
ENSG00000106615,E
ENSG00000106628,E
ENSG00000106633,NE
ENSG00000106635,NE
ENSG00000106636,E
ENSG00000106683,NE
ENSG00000106688,NE
ENSG00000106692,NE
ENSG00000106772,NE
ENSG00000106780,NE
ENSG00000106809,NE
ENSG00000106823,NE
ENSG00000106829,NE
ENSG00000106868,NE
ENSG00000107020,NE
ENSG00000107104,NE
ENSG00000107164,NE
ENSG00000107165,NE
ENSG00000107186,NE
ENSG00000107201,NE
ENSG00000107242,NE
ENSG00000107249,NE
ENSG00000107371,E
ENSG00000107438,NE
ENSG00000107518,NE
ENSG00000107554,NE
ENSG00000107581,E
ENSG00000107614,NE
ENSG00000107643,NE
ENSG00000107669,NE
ENSG00000107679,NE
ENSG00000107738,NE
ENSG00000107771,NE
ENSG00000107789,NE
ENSG00000107796,NE
ENSG00000107854,NE
ENSG00000107862,E
ENSG00000107863,NE
ENSG00000107864,NE
ENSG00000107890,NE
ENSG00000107897,NE
ENSG00000107902,NE
ENSG00000107937,E
ENSG00000107968,NE
ENSG00000108018,NE
ENSG00000108055,E
ENSG00000108100,NE
ENSG00000108298,E
ENSG00000108312,E
ENSG00000108344,E
ENSG00000108375,NE
ENSG00000108381,NE
ENSG00000108384,E
ENSG00000108424,E
ENSG00000108433,E
ENSG00000108510,NE
ENSG00000108523,NE
ENSG00000108528,NE
ENSG00000108551,NE
ENSG00000108559,E
ENSG00000108578,NE
ENSG00000108590,E
ENSG00000108592,E
ENSG00000108602,NE
ENSG00000108622,NE
ENSG00000108671,E
ENSG00000108691,NE
ENSG00000108700,NE
ENSG00000108839,NE
ENSG00000108846,NE
ENSG00000108848,E
ENSG00000108883,E
ENSG00000108961,NE
ENSG00000109046,NE
ENSG00000109079,NE
ENSG00000109083,NE
ENSG00000109099,NE
ENSG00000109111,E
ENSG00000109133,NE
ENSG00000109180,NE
ENSG00000109205,NE
ENSG00000109320,NE
ENSG00000109323,NE
ENSG00000109424,NE
ENSG00000109452,NE
ENSG00000109501,NE
ENSG00000109519,E
ENSG00000109586,NE
ENSG00000109606,E
ENSG00000109610,NE
ENSG00000109654,NE
ENSG00000109667,NE
ENSG00000109689,NE
ENSG00000109736,NE
ENSG00000109787,NE
ENSG00000109790,NE
ENSG00000109794,NE
ENSG00000109819,NE
ENSG00000109832,NE
ENSG00000109861,NE
ENSG00000109906,NE
ENSG00000109917,E
ENSG00000110002,NE
ENSG00000110013,NE
ENSG00000110031,NE
ENSG00000110080,NE
ENSG00000110092,E
ENSG00000110107,E
ENSG00000110108,NE
ENSG00000110169,NE
ENSG00000110171,NE
ENSG00000110195,NE
ENSG00000110218,NE
ENSG00000110243,NE
ENSG00000110274,NE
ENSG00000110324,NE
ENSG00000110344,NE
ENSG00000110400,NE
ENSG00000110427,NE
ENSG00000110514,NE
ENSG00000110619,E
ENSG00000110628,NE
ENSG00000110693,NE
ENSG00000110719,NE
ENSG00000110723,NE
ENSG00000110786,NE
ENSG00000110799,NE
ENSG00000110841,NE
ENSG00000110851,NE
ENSG00000110852,NE
ENSG00000110876,NE
ENSG00000110917,NE
ENSG00000110921,E
ENSG00000110925,NE
ENSG00000111058,NE
ENSG00000111145,NE
ENSG00000111218,NE
ENSG00000111229,E
ENSG00000111231,E
ENSG00000111269,NE
ENSG00000111275,NE
ENSG00000111291,NE
ENSG00000111325,NE
ENSG00000111341,NE
ENSG00000111348,NE
ENSG00000111361,E
ENSG00000111364,E
ENSG00000111445,E
ENSG00000111481,E
ENSG00000111554,NE
ENSG00000111602,E
ENSG00000111605,E
ENSG00000111615,E
ENSG00000111640,E
ENSG00000111641,E
ENSG00000111642,E
ENSG00000111653,NE
ENSG00000111667,E
ENSG00000111671,NE
ENSG00000111678,NE
ENSG00000111700,NE
ENSG00000111713,NE
ENSG00000111727,NE
ENSG00000111728,NE
ENSG00000111731,NE
ENSG00000111732,NE
ENSG00000111785,NE
ENSG00000111796,NE
ENSG00000111817,NE
ENSG00000111832,NE
ENSG00000111860,NE
ENSG00000111880,E
ENSG00000111906,NE
ENSG00000111911,NE
ENSG00000111912,NE
ENSG00000111961,NE
ENSG00000111962,NE
ENSG00000111981,NE
ENSG00000112038,NE
ENSG00000112079,NE
ENSG00000112081,E
ENSG00000112118,E
ENSG00000112144,NE
ENSG00000112149,NE
ENSG00000112164,NE
ENSG00000112186,NE
ENSG00000112276,NE
ENSG00000112290,NE
ENSG00000112294,NE
ENSG00000112297,NE
ENSG00000112299,NE
ENSG00000112304,NE
ENSG00000112305,NE
ENSG00000112306,E
ENSG00000112308,NE
ENSG00000112319,NE
ENSG00000112365,NE
ENSG00000112379,NE
ENSG00000112394,NE
ENSG00000112406,NE
ENSG00000112414,NE
ENSG00000112425,NE
ENSG00000112474,NE
ENSG00000112499,NE
ENSG00000112530,NE
ENSG00000112541,NE
ENSG00000112562,NE
ENSG00000112578,E
ENSG00000112699,NE
ENSG00000112701,E
ENSG00000112759,NE
ENSG00000112769,NE
ENSG00000112782,NE
ENSG00000112799,NE
ENSG00000112902,NE
ENSG00000112936,NE
ENSG00000112964,NE
ENSG00000112972,E
ENSG00000113013,E
ENSG00000113073,NE
ENSG00000113083,NE
ENSG00000113140,NE
ENSG00000113141,E
ENSG00000113161,E
ENSG00000113269,NE
ENSG00000113319,NE
ENSG00000113369,NE
ENSG00000113391,NE
ENSG00000113396,NE
ENSG00000113407,E
ENSG00000113492,NE
ENSG00000113552,NE
ENSG00000113555,NE
ENSG00000113558,E
ENSG00000113575,E
ENSG00000113593,E
ENSG00000113645,NE
ENSG00000113758,NE
ENSG00000113810,E
ENSG00000113838,NE
ENSG00000113905,NE
ENSG00000113924,NE
ENSG00000113946,NE
ENSG00000113966,NE
ENSG00000114019,NE
ENSG00000114030,NE
ENSG00000114115,NE
ENSG00000114166,NE
ENSG00000114209,NE
ENSG00000114251,NE
ENSG00000114331,NE
ENSG00000114391,E
ENSG00000114405,NE
ENSG00000114473,NE
ENSG00000114503,E
ENSG00000114573,E
ENSG00000114626,NE
ENSG00000114638,NE
ENSG00000114648,NE
ENSG00000114650,E
ENSG00000114698,NE
ENSG00000114735,NE
ENSG00000114738,NE
ENSG00000114771,NE
ENSG00000114779,NE
ENSG00000114805,NE
ENSG00000114861,NE
ENSG00000114904,NE
ENSG00000114923,NE
ENSG00000114982,E
ENSG00000115128,E
ENSG00000115137,NE
ENSG00000115170,NE
ENSG00000115183,NE
ENSG00000115211,E
ENSG00000115221,NE
ENSG00000115233,E
ENSG00000115252,NE
ENSG00000115257,NE
ENSG00000115268,E
ENSG00000115295,NE
ENSG00000115339,NE
ENSG00000115361,NE
ENSG00000115368,E
ENSG00000115414,NE
ENSG00000115421,NE
ENSG00000115457,NE
ENSG00000115484,E
ENSG00000115504,NE
ENSG00000115524,E
ENSG00000115540,E
ENSG00000115541,E
ENSG00000115548,NE
ENSG00000115594,NE
ENSG00000115602,NE
ENSG00000115648,NE
ENSG00000115649,NE
ENSG00000115705,NE
ENSG00000115758,NE
ENSG00000115761,E
ENSG00000115762,NE
ENSG00000115806,NE
ENSG00000115808,NE
ENSG00000115816,E
ENSG00000115840,NE
ENSG00000115866,E
ENSG00000115875,E
ENSG00000115896,NE
ENSG00000115935,NE
ENSG00000115944,NE
ENSG00000115966,NE
ENSG00000115970,NE
ENSG00000116001,NE
ENSG00000116062,NE
ENSG00000116106,NE
ENSG00000116120,E
ENSG00000116147,NE
ENSG00000116183,NE
ENSG00000116191,NE
ENSG00000116285,NE
ENSG00000116337,NE
ENSG00000116455,E
ENSG00000116560,E
ENSG00000116663,NE
ENSG00000116667,NE
ENSG00000116711,NE
ENSG00000116717,NE
ENSG00000116729,NE
ENSG00000116731,NE
ENSG00000116754,E
ENSG00000116761,NE
ENSG00000116922,E
ENSG00000116977,NE
ENSG00000116981,NE
ENSG00000116996,NE
ENSG00000117020,NE
ENSG00000117054,NE
ENSG00000117122,NE
ENSG00000117215,NE
ENSG00000117222,E
ENSG00000117360,E
ENSG00000117408,E
ENSG00000117410,E
ENSG00000117448,NE
ENSG00000117560,NE
ENSG00000117602,NE
ENSG00000117616,NE
ENSG00000117625,NE
ENSG00000117682,E
ENSG00000117748,E
ENSG00000117751,E
ENSG00000117834,NE
ENSG00000117868,NE
ENSG00000117984,NE
ENSG00000118096,NE
ENSG00000118137,NE
ENSG00000118181,E
ENSG00000118246,NE
ENSG00000118322,NE
ENSG00000118363,E
ENSG00000118418,NE
ENSG00000118482,NE
ENSG00000118496,NE
ENSG00000118503,NE
ENSG00000118507,NE
ENSG00000118518,NE
ENSG00000118520,NE
ENSG00000118564,NE
ENSG00000118579,E
ENSG00000118680,NE
ENSG00000118762,NE
ENSG00000118777,NE
ENSG00000118849,NE
ENSG00000119004,NE
ENSG00000119048,NE
ENSG00000119139,NE
ENSG00000119185,NE
ENSG00000119203,E
ENSG00000119231,NE
ENSG00000119242,NE
ENSG00000119280,NE
ENSG00000119285,E
ENSG00000119326,NE
ENSG00000119509,NE
ENSG00000119522,NE
ENSG00000119523,E
ENSG00000119616,E
ENSG00000119630,NE
ENSG00000119650,NE
ENSG00000119655,NE
ENSG00000119699,NE
ENSG00000119707,E
ENSG00000119715,NE
ENSG00000119718,E
ENSG00000119720,E
ENSG00000119723,NE
ENSG00000119771,NE
ENSG00000119772,NE
ENSG00000119782,NE
ENSG00000119820,NE
ENSG00000119844,NE
ENSG00000119899,NE
ENSG00000119900,NE
ENSG00000119917,NE
ENSG00000119938,NE
ENSG00000119950,NE
ENSG00000120054,NE
ENSG00000120159,NE
ENSG00000120217,NE
ENSG00000120256,NE
ENSG00000120278,NE
ENSG00000120306,NE
ENSG00000120314,E
ENSG00000120437,NE
ENSG00000120457,NE
ENSG00000120458,NE
ENSG00000120471,NE
ENSG00000120526,NE
ENSG00000120539,E
ENSG00000120594,NE
ENSG00000120675,NE
ENSG00000120685,NE
ENSG00000120696,NE
ENSG00000120705,E
ENSG00000120708,NE
ENSG00000120709,NE
ENSG00000120733,NE
ENSG00000120784,NE
ENSG00000120800,E
ENSG00000120820,NE
ENSG00000120868,NE
ENSG00000120885,NE
ENSG00000120889,NE
ENSG00000120896,NE
ENSG00000120899,NE
ENSG00000120903,NE
ENSG00000120910,NE
ENSG00000120913,NE
ENSG00000120915,NE
ENSG00000120925,NE
ENSG00000121022,E
ENSG00000121067,NE
ENSG00000121073,E
ENSG00000121210,NE
ENSG00000121236,NE
ENSG00000121270,NE
ENSG00000121281,NE
ENSG00000121297,NE
ENSG00000121316,NE
ENSG00000121361,NE
ENSG00000121578,NE
ENSG00000121579,E
ENSG00000121594,NE
ENSG00000121671,NE
ENSG00000121769,NE
ENSG00000121988,NE
ENSG00000122008,NE
ENSG00000122042,NE
ENSG00000122176,NE
ENSG00000122218,E
ENSG00000122254,NE
ENSG00000122257,E
ENSG00000122335,NE
ENSG00000122359,NE
ENSG00000122484,E
ENSG00000122547,NE
ENSG00000122692,E
ENSG00000122705,NE
ENSG00000122779,NE
ENSG00000122861,NE
ENSG00000122863,NE
ENSG00000122882,E
ENSG00000122912,NE
ENSG00000122965,E
ENSG00000123064,E
ENSG00000123080,NE
ENSG00000123178,NE
ENSG00000123191,NE
ENSG00000123213,NE
ENSG00000123240,NE
ENSG00000123352,NE
ENSG00000123416,E
ENSG00000123552,NE
ENSG00000123689,NE
ENSG00000123892,NE
ENSG00000123992,NE
ENSG00000123999,NE
ENSG00000124003,NE
ENSG00000124098,NE
ENSG00000124107,NE
ENSG00000124164,NE
ENSG00000124207,E
ENSG00000124214,NE
ENSG00000124222,NE
ENSG00000124243,NE
ENSG00000124257,NE
ENSG00000124357,NE
ENSG00000124374,NE
ENSG00000124380,E
ENSG00000124383,E
ENSG00000124406,NE
ENSG00000124422,NE
ENSG00000124440,NE
ENSG00000124491,NE
ENSG00000124493,NE
ENSG00000124508,NE
ENSG00000124532,NE
ENSG00000124562,E
ENSG00000124568,NE
ENSG00000124570,NE
ENSG00000124588,NE
ENSG00000124614,E
ENSG00000124641,E
ENSG00000124664,NE
ENSG00000124701,NE
ENSG00000124762,NE
ENSG00000124766,NE
ENSG00000124780,NE
ENSG00000124786,NE
ENSG00000124787,E
ENSG00000124795,NE
ENSG00000125089,NE
ENSG00000125124,NE
ENSG00000125246,NE
ENSG00000125247,NE
ENSG00000125255,NE
ENSG00000125257,NE
ENSG00000125266,NE
ENSG00000125386,NE
ENSG00000125430,NE
ENSG00000125434,NE
ENSG00000125449,E
ENSG00000125450,E
ENSG00000125508,NE
ENSG00000125618,E
ENSG00000125629,NE
ENSG00000125630,E
ENSG00000125734,NE
ENSG00000125740,NE
ENSG00000125743,E
ENSG00000125755,E
ENSG00000125772,NE
ENSG00000125779,NE
ENSG00000125780,NE
ENSG00000125810,NE
ENSG00000125814,NE
ENSG00000125826,NE
ENSG00000125827,NE
ENSG00000125834,NE
ENSG00000125835,E
ENSG00000125841,NE
ENSG00000125848,NE
ENSG00000125850,NE
ENSG00000125895,NE
ENSG00000125898,NE
ENSG00000125900,NE
ENSG00000125971,E
ENSG00000125977,E
ENSG00000126067,E
ENSG00000126214,NE
ENSG00000126231,NE
ENSG00000126261,E
ENSG00000126391,NE
ENSG00000126457,E
ENSG00000126460,NE
ENSG00000126464,NE
ENSG00000126583,NE
ENSG00000126777,NE
ENSG00000126790,NE
ENSG00000126803,NE
ENSG00000126883,E
ENSG00000127054,E
ENSG00000127084,NE
ENSG00000127329,NE
ENSG00000127412,NE
ENSG00000127418,NE
ENSG00000127419,NE
ENSG00000127452,NE
ENSG00000127483,NE
ENSG00000127511,NE
ENSG00000127526,NE
ENSG00000127564,E
ENSG00000127863,NE
ENSG00000127948,NE
ENSG00000127952,NE
ENSG00000127954,NE
ENSG00000127955,NE
ENSG00000127995,NE
ENSG00000128165,NE
ENSG00000128218,NE
ENSG00000128245,NE
ENSG00000128266,NE
ENSG00000128268,NE
ENSG00000128276,NE
ENSG00000128294,NE
ENSG00000128309,NE
ENSG00000128311,NE
ENSG00000128335,NE
ENSG00000128519,NE
ENSG00000128524,E
ENSG00000128534,E
ENSG00000128536,NE
ENSG00000128564,NE
ENSG00000128595,NE
ENSG00000128596,NE
ENSG00000128602,NE
ENSG00000128645,NE
ENSG00000128699,NE
ENSG00000128791,NE
ENSG00000128833,NE
ENSG00000128881,NE
ENSG00000128891,NE
ENSG00000128928,NE
ENSG00000128944,NE
ENSG00000128951,E
ENSG00000129007,NE
ENSG00000129009,NE
ENSG00000129028,NE
ENSG00000129038,NE
ENSG00000129083,E
ENSG00000129084,E
ENSG00000129103,NE
ENSG00000129151,NE
ENSG00000129187,NE
ENSG00000129197,E
ENSG00000129219,NE
ENSG00000129245,NE
ENSG00000129292,NE
ENSG00000129295,NE
ENSG00000129422,NE
ENSG00000129455,NE
ENSG00000129521,NE
ENSG00000129562,E
ENSG00000129596,NE
ENSG00000129625,NE
ENSG00000129636,NE
ENSG00000129657,NE
ENSG00000129810,E
ENSG00000130035,NE
ENSG00000130147,NE
ENSG00000130177,E
ENSG00000130193,NE
ENSG00000130202,NE
ENSG00000130203,NE
ENSG00000130204,E
ENSG00000130255,E
ENSG00000130303,NE
ENSG00000130332,E
ENSG00000130340,NE
ENSG00000130363,NE
ENSG00000130377,NE
ENSG00000130413,NE
ENSG00000130427,NE
ENSG00000130429,NE
ENSG00000130449,NE
ENSG00000130479,NE
ENSG00000130508,NE
ENSG00000130513,NE
ENSG00000130520,E
ENSG00000130540,NE
ENSG00000130560,NE
ENSG00000130584,NE
ENSG00000130640,E
ENSG00000130684,NE
ENSG00000130702,NE
ENSG00000130724,E
ENSG00000130725,E
ENSG00000130748,NE
ENSG00000130758,NE
ENSG00000130766,NE
ENSG00000130811,E
ENSG00000130844,NE
ENSG00000130881,NE
ENSG00000131050,NE
ENSG00000131051,E
ENSG00000131067,NE
ENSG00000131069,NE
ENSG00000131100,E
ENSG00000131183,NE
ENSG00000131196,NE
ENSG00000131203,NE
ENSG00000131323,NE
ENSG00000131370,NE
ENSG00000131375,NE
ENSG00000131398,NE
ENSG00000131435,NE
ENSG00000131462,E
ENSG00000131469,E
ENSG00000131475,E
ENSG00000131507,NE
ENSG00000131634,NE
ENSG00000131669,NE
ENSG00000131711,NE
ENSG00000131730,NE
ENSG00000131781,NE
ENSG00000131791,NE
ENSG00000131844,NE
ENSG00000131845,NE
ENSG00000131848,NE
ENSG00000131873,NE
ENSG00000131876,E
ENSG00000131941,NE
ENSG00000131966,E
ENSG00000132024,NE
ENSG00000132122,NE
ENSG00000132155,NE
ENSG00000132164,NE
ENSG00000132185,NE
ENSG00000132199,NE
ENSG00000132205,NE
ENSG00000132254,NE
ENSG00000132274,NE
ENSG00000132286,NE
ENSG00000132341,E
ENSG00000132356,NE
ENSG00000132359,NE
ENSG00000132383,E
ENSG00000132432,E
ENSG00000132434,NE
ENSG00000132437,NE
ENSG00000132464,NE
ENSG00000132465,NE
ENSG00000132510,NE
ENSG00000132549,NE
ENSG00000132603,E
ENSG00000132622,NE
ENSG00000132646,E
ENSG00000132664,E
ENSG00000132670,NE
ENSG00000132671,NE
ENSG00000132681,NE
ENSG00000132793,NE
ENSG00000132825,NE
ENSG00000132837,NE
ENSG00000132840,NE
ENSG00000132846,NE
ENSG00000132911,NE
ENSG00000132915,NE
ENSG00000132952,E
ENSG00000132965,NE
ENSG00000132975,NE
ENSG00000133019,NE
ENSG00000133026,NE
ENSG00000133069,NE
ENSG00000133110,NE
ENSG00000133112,E
ENSG00000133116,NE
ENSG00000133119,E
ENSG00000133121,NE
ENSG00000133216,NE
ENSG00000133226,E
ENSG00000133265,NE
ENSG00000133313,NE
ENSG00000133316,E
ENSG00000133424,NE
ENSG00000133460,NE
ENSG00000133477,NE
ENSG00000133574,NE
ENSG00000133612,NE
ENSG00000133687,NE
ENSG00000133706,E
ENSG00000133739,NE
ENSG00000133740,NE
ENSG00000133805,NE
ENSG00000133812,NE
ENSG00000133816,NE
ENSG00000133872,NE
ENSG00000133874,NE
ENSG00000133935,NE
ENSG00000133943,NE
ENSG00000133997,E
ENSG00000134001,E
ENSG00000134007,NE
ENSG00000134013,NE
ENSG00000134058,E
ENSG00000134070,NE
ENSG00000134077,NE
ENSG00000134086,NE
ENSG00000134109,NE
ENSG00000134138,NE
ENSG00000134152,NE
ENSG00000134186,E
ENSG00000134278,NE
ENSG00000134308,NE
ENSG00000134313,NE
ENSG00000134317,NE
ENSG00000134318,NE
ENSG00000134324,NE
ENSG00000134330,NE
ENSG00000134352,NE
ENSG00000134371,E
ENSG00000134419,E
ENSG00000134440,E
ENSG00000134453,E
ENSG00000134461,NE
ENSG00000134463,NE
ENSG00000134490,NE
ENSG00000134504,NE
ENSG00000134531,NE
ENSG00000134532,NE
ENSG00000134538,NE
ENSG00000134575,NE
ENSG00000134684,E
ENSG00000134697,E
ENSG00000134744,NE
ENSG00000134748,E
ENSG00000134755,NE
ENSG00000134769,NE
ENSG00000134775,NE
ENSG00000134779,NE
ENSG00000134809,E
ENSG00000134852,NE
ENSG00000134871,NE
ENSG00000134873,NE
ENSG00000134874,NE
ENSG00000134882,NE
ENSG00000134897,NE
ENSG00000134899,NE
ENSG00000134940,NE
ENSG00000134954,NE
ENSG00000134986,NE
ENSG00000134996,NE
ENSG00000135049,NE
ENSG00000135077,NE
ENSG00000135083,NE
ENSG00000135094,NE
ENSG00000135148,NE
ENSG00000135205,NE
ENSG00000135211,NE
ENSG00000135222,NE
ENSG00000135245,NE
ENSG00000135248,NE
ENSG00000135272,NE
ENSG00000135315,NE
ENSG00000135324,NE
ENSG00000135334,E
ENSG00000135338,NE
ENSG00000135362,NE
ENSG00000135372,E
ENSG00000135378,NE
ENSG00000135409,NE
ENSG00000135441,NE
ENSG00000135476,E
ENSG00000135480,NE
ENSG00000135521,E
ENSG00000135540,NE
ENSG00000135547,NE
ENSG00000135587,NE
ENSG00000135624,E
ENSG00000135631,NE
ENSG00000135677,NE
ENSG00000135679,E
ENSG00000135686,NE
ENSG00000135750,NE
ENSG00000135862,NE
ENSG00000135919,NE
ENSG00000135960,NE
ENSG00000136003,E
ENSG00000136021,NE
ENSG00000136026,NE
ENSG00000136040,NE
ENSG00000136052,NE
ENSG00000136098,NE
ENSG00000136110,NE
ENSG00000136111,NE
ENSG00000136141,NE
ENSG00000136144,NE
ENSG00000136146,E
ENSG00000136147,NE
ENSG00000136152,E
ENSG00000136153,NE
ENSG00000136158,NE
ENSG00000136193,NE
ENSG00000136213,NE
ENSG00000136235,NE
ENSG00000136261,NE
ENSG00000136267,NE
ENSG00000136271,E
ENSG00000136371,NE
ENSG00000136425,NE
ENSG00000136450,E
ENSG00000136514,NE
ENSG00000136518,E
ENSG00000136573,NE
ENSG00000136628,E
ENSG00000136630,NE
ENSG00000136636,NE
ENSG00000136732,NE
ENSG00000136738,NE
ENSG00000136750,NE
ENSG00000136770,NE
ENSG00000136783,NE
ENSG00000136807,E
ENSG00000136824,E
ENSG00000136848,NE
ENSG00000136856,NE
ENSG00000136867,NE
ENSG00000136874,NE
ENSG00000136875,E
ENSG00000136881,NE
ENSG00000136883,NE
ENSG00000136888,E
ENSG00000136895,NE
ENSG00000136930,E
ENSG00000136932,NE
ENSG00000136942,E
ENSG00000136943,NE
ENSG00000136950,NE
ENSG00000136997,E
ENSG00000137040,NE
ENSG00000137070,NE
ENSG00000137094,NE
ENSG00000137145,NE
ENSG00000137154,E
ENSG00000137185,NE
ENSG00000137198,NE
ENSG00000137203,NE
ENSG00000137251,NE
ENSG00000137261,NE
ENSG00000137266,NE
ENSG00000137275,NE
ENSG00000137364,NE
ENSG00000137393,NE
ENSG00000137414,NE
ENSG00000137440,NE
ENSG00000137460,NE
ENSG00000137478,NE
ENSG00000137491,NE
ENSG00000137501,NE
ENSG00000137502,NE
ENSG00000137563,NE
ENSG00000137628,NE
ENSG00000137675,NE
ENSG00000137699,NE
ENSG00000137713,NE
ENSG00000137720,NE
ENSG00000137726,NE
ENSG00000137731,NE
ENSG00000137752,NE
ENSG00000137801,NE
ENSG00000137818,E
ENSG00000137841,NE
ENSG00000137869,NE
ENSG00000137872,NE
ENSG00000137942,NE
ENSG00000137944,NE
ENSG00000137947,E
ENSG00000137955,E
ENSG00000137960,NE
ENSG00000137965,NE
ENSG00000138002,NE
ENSG00000138018,NE
ENSG00000138061,NE
ENSG00000138071,E
ENSG00000138073,E
ENSG00000138109,NE
ENSG00000138119,NE
ENSG00000138134,NE
ENSG00000138166,NE
ENSG00000138172,NE
ENSG00000138231,E
ENSG00000138326,E
ENSG00000138356,NE
ENSG00000138385,E
ENSG00000138386,NE
ENSG00000138395,NE
ENSG00000138398,NE
ENSG00000138411,NE
ENSG00000138442,E
ENSG00000138443,NE
ENSG00000138448,E
ENSG00000138449,NE
ENSG00000138496,NE
ENSG00000138587,NE
ENSG00000138622,NE
ENSG00000138623,NE
ENSG00000138640,NE
ENSG00000138653,NE
ENSG00000138660,NE
ENSG00000138663,E
ENSG00000138678,NE
ENSG00000138685,NE
ENSG00000138696,NE
ENSG00000138698,NE
ENSG00000138735,NE
ENSG00000138738,NE
ENSG00000138755,NE
ENSG00000138756,NE
ENSG00000138759,NE
ENSG00000138764,NE
ENSG00000138772,NE
ENSG00000138780,NE
ENSG00000138792,NE
ENSG00000138795,NE
ENSG00000139055,NE
ENSG00000139112,NE
ENSG00000139131,E
ENSG00000139132,NE
ENSG00000139155,NE
ENSG00000139174,NE
ENSG00000139187,NE
ENSG00000139190,NE
ENSG00000139192,NE
ENSG00000139194,NE
ENSG00000139209,NE
ENSG00000139318,NE
ENSG00000139324,NE
ENSG00000139329,NE
ENSG00000139343,E
ENSG00000139350,E
ENSG00000139354,NE
ENSG00000139370,NE
ENSG00000139410,NE
ENSG00000139517,NE
ENSG00000139567,NE
ENSG00000139624,NE
ENSG00000139651,NE
ENSG00000139679,NE
ENSG00000139684,NE
ENSG00000139687,NE
ENSG00000139697,E
ENSG00000139737,NE
ENSG00000139793,NE
ENSG00000139835,NE
ENSG00000139899,NE
ENSG00000139926,NE
ENSG00000139974,NE
ENSG00000139988,NE
ENSG00000140022,NE
ENSG00000140043,NE
ENSG00000140044,NE
ENSG00000140105,E
ENSG00000140153,NE
ENSG00000140199,NE
ENSG00000140259,E
ENSG00000140265,NE
ENSG00000140280,NE
ENSG00000140307,E
ENSG00000140319,E
ENSG00000140320,NE
ENSG00000140386,NE
ENSG00000140391,NE
ENSG00000140396,NE
ENSG00000140403,NE
ENSG00000140455,NE
ENSG00000140463,NE
ENSG00000140464,NE
ENSG00000140465,NE
ENSG00000140471,NE
ENSG00000140488,NE
ENSG00000140497,NE
ENSG00000140522,NE
ENSG00000140545,NE
ENSG00000140563,NE
ENSG00000140575,NE
ENSG00000140598,E
ENSG00000140600,NE
ENSG00000140682,NE
ENSG00000140718,NE
ENSG00000140743,NE
ENSG00000140795,NE
ENSG00000140836,NE
ENSG00000140859,NE
ENSG00000140873,NE
ENSG00000140948,NE
ENSG00000140988,E
ENSG00000140992,E
ENSG00000140993,NE
ENSG00000141013,NE
ENSG00000141040,NE
ENSG00000141068,NE
ENSG00000141076,E
ENSG00000141086,NE
ENSG00000141096,NE
ENSG00000141101,E
ENSG00000141127,NE
ENSG00000141179,NE
ENSG00000141367,E
ENSG00000141380,NE
ENSG00000141384,NE
ENSG00000141401,NE
ENSG00000141424,NE
ENSG00000141429,NE
ENSG00000141431,NE
ENSG00000141441,NE
ENSG00000141446,NE
ENSG00000141452,NE
ENSG00000141456,E
ENSG00000141506,NE
ENSG00000141510,NE
ENSG00000141527,NE
ENSG00000141543,E
ENSG00000141552,E
ENSG00000141556,E
ENSG00000141568,NE
ENSG00000141576,NE
ENSG00000141639,NE
ENSG00000141665,NE
ENSG00000141759,E
ENSG00000141873,NE
ENSG00000141956,NE
ENSG00000141977,NE
ENSG00000142065,NE
ENSG00000142089,E
ENSG00000142149,NE
ENSG00000142156,NE
ENSG00000142166,NE
ENSG00000142168,E
ENSG00000142173,NE
ENSG00000142182,NE
ENSG00000142192,NE
ENSG00000142224,NE
ENSG00000142227,NE
ENSG00000142230,E
ENSG00000142279,NE
ENSG00000142330,NE
ENSG00000142405,NE
ENSG00000142484,NE
ENSG00000142507,E
ENSG00000142513,NE
ENSG00000142528,NE
ENSG00000142534,E
ENSG00000142538,NE
ENSG00000142552,NE
ENSG00000142556,NE
ENSG00000142619,NE
ENSG00000142623,NE
ENSG00000142627,NE
ENSG00000142675,NE
ENSG00000142676,E
ENSG00000142731,E
ENSG00000142751,E
ENSG00000142856,NE
ENSG00000142920,NE
ENSG00000143013,NE
ENSG00000143106,E
ENSG00000143156,NE
ENSG00000143198,NE
ENSG00000143199,NE
ENSG00000143248,NE
ENSG00000143256,E
ENSG00000143297,NE
ENSG00000143322,NE
ENSG00000143344,NE
ENSG00000143368,E
ENSG00000143376,NE
ENSG00000143479,NE
ENSG00000143486,NE
ENSG00000143499,NE
ENSG00000143512,NE
ENSG00000143552,NE
ENSG00000143570,NE
ENSG00000143621,E
ENSG00000143633,E
ENSG00000143653,NE
ENSG00000143727,NE
ENSG00000143742,E
ENSG00000143751,E
ENSG00000143753,NE
ENSG00000143771,E
ENSG00000143772,NE
ENSG00000143774,E
ENSG00000143797,NE
ENSG00000143815,NE
ENSG00000143870,NE
ENSG00000143921,NE
ENSG00000143947,E
ENSG00000144021,E
ENSG00000144028,E
ENSG00000144040,NE
ENSG00000144214,NE
ENSG00000144227,NE
ENSG00000144231,E
ENSG00000144331,NE
ENSG00000144362,NE
ENSG00000144366,NE
ENSG00000144381,E
ENSG00000144445,NE
ENSG00000144451,NE
ENSG00000144455,NE
ENSG00000144468,NE
ENSG00000144476,NE
ENSG00000144524,NE
ENSG00000144550,NE
ENSG00000144560,NE
ENSG00000144567,NE
ENSG00000144591,NE
ENSG00000144619,NE
ENSG00000144655,NE
ENSG00000144677,NE
ENSG00000144681,NE
ENSG00000144713,E
ENSG00000144730,NE
ENSG00000144749,NE
ENSG00000144802,NE
ENSG00000144847,NE
ENSG00000145016,NE
ENSG00000145029,NE
ENSG00000145147,NE
ENSG00000145191,E
ENSG00000145214,NE
ENSG00000145216,E
ENSG00000145217,NE
ENSG00000145220,NE
ENSG00000145242,NE
ENSG00000145247,NE
ENSG00000145293,NE
ENSG00000145321,NE
ENSG00000145332,NE
ENSG00000145335,NE
ENSG00000145348,NE
ENSG00000145362,NE
ENSG00000145365,NE
ENSG00000145386,E
ENSG00000145431,NE
ENSG00000145439,NE
ENSG00000145476,NE
ENSG00000145494,NE
ENSG00000145545,NE
ENSG00000145592,E
ENSG00000145626,NE
ENSG00000145685,NE
ENSG00000145703,NE
ENSG00000145708,NE
ENSG00000145715,NE
ENSG00000145723,NE
ENSG00000145741,E
ENSG00000145779,NE
ENSG00000145781,NE
ENSG00000145819,NE
ENSG00000145833,E
ENSG00000145868,NE
ENSG00000145901,NE
ENSG00000145908,NE
ENSG00000145911,NE
ENSG00000145936,NE
ENSG00000145945,NE
ENSG00000145949,NE
ENSG00000145979,NE
ENSG00000145990,NE
ENSG00000146007,E
ENSG00000146039,NE
ENSG00000146072,NE
ENSG00000146374,NE
ENSG00000146376,NE
ENSG00000146386,NE
ENSG00000146411,NE
ENSG00000146426,NE
ENSG00000146463,NE
ENSG00000146476,NE
ENSG00000146587,NE
ENSG00000146592,NE
ENSG00000146676,NE
ENSG00000146729,NE
ENSG00000146731,E
ENSG00000146776,NE
ENSG00000146802,NE
ENSG00000146828,NE
ENSG00000146834,E
ENSG00000146842,NE
ENSG00000146858,NE
ENSG00000146859,NE
ENSG00000147416,E
ENSG00000147421,NE
ENSG00000147432,NE
ENSG00000147439,NE
ENSG00000147471,NE
ENSG00000147533,NE
ENSG00000147548,NE
ENSG00000147601,E
ENSG00000147604,E
ENSG00000147606,NE
ENSG00000147613,NE
ENSG00000147642,NE
ENSG00000147647,NE
ENSG00000147654,NE
ENSG00000147852,NE
ENSG00000147872,NE
ENSG00000147889,NE
ENSG00000147894,NE
ENSG00000147912,NE
ENSG00000148053,NE
ENSG00000148120,NE
ENSG00000148153,NE
ENSG00000148158,NE
ENSG00000148180,NE
ENSG00000148219,NE
ENSG00000148225,NE
ENSG00000148297,E
ENSG00000148358,NE
ENSG00000148384,NE
ENSG00000148481,NE
ENSG00000148606,E
ENSG00000148634,NE
ENSG00000148688,E
ENSG00000148814,NE
ENSG00000148843,E
ENSG00000148926,NE
ENSG00000148935,NE
ENSG00000149016,E
ENSG00000149090,NE
ENSG00000149100,E
ENSG00000149124,NE
ENSG00000149136,E
ENSG00000149182,NE
ENSG00000149231,NE
ENSG00000149243,NE
ENSG00000149256,NE
ENSG00000149257,NE
ENSG00000149262,E
ENSG00000149273,E
ENSG00000149289,NE
ENSG00000149295,NE
ENSG00000149305,NE
ENSG00000149311,NE
ENSG00000149328,NE
ENSG00000149527,NE
ENSG00000149548,NE
ENSG00000149554,E
ENSG00000149557,NE
ENSG00000149564,NE
ENSG00000149577,NE
ENSG00000149582,NE
ENSG00000149599,NE
ENSG00000149658,NE
ENSG00000149806,E
ENSG00000149930,NE
ENSG00000149932,NE
ENSG00000150048,NE
ENSG00000150054,NE
ENSG00000150093,NE
ENSG00000150455,NE
ENSG00000150457,NE
ENSG00000150459,E
ENSG00000150625,NE
ENSG00000150628,NE
ENSG00000150656,NE
ENSG00000150687,NE
ENSG00000150753,E
ENSG00000150787,NE
ENSG00000150961,NE
ENSG00000150990,E
ENSG00000151005,NE
ENSG00000151006,NE
ENSG00000151012,NE
ENSG00000151090,NE
ENSG00000151136,NE
ENSG00000151148,NE
ENSG00000151151,NE
ENSG00000151240,NE
ENSG00000151247,E
ENSG00000151287,NE
ENSG00000151292,NE
ENSG00000151414,NE
ENSG00000151422,NE
ENSG00000151458,NE
ENSG00000151461,E
ENSG00000151465,E
ENSG00000151470,NE
ENSG00000151474,NE
ENSG00000151491,NE
ENSG00000151500,NE
ENSG00000151552,NE
ENSG00000151553,NE
ENSG00000151617,NE
ENSG00000151657,E
ENSG00000151665,NE
ENSG00000151692,NE
ENSG00000151693,NE
ENSG00000151704,NE
ENSG00000151729,NE
ENSG00000151789,NE
ENSG00000151881,NE
ENSG00000151892,NE
ENSG00000151893,NE
ENSG00000152049,NE
ENSG00000152104,NE
ENSG00000152133,NE
ENSG00000152137,NE
ENSG00000152217,NE
ENSG00000152240,E
ENSG00000152270,NE
ENSG00000152332,NE
ENSG00000152377,NE
ENSG00000152382,NE
ENSG00000152402,NE
ENSG00000152413,NE
ENSG00000152430,NE
ENSG00000152457,NE
ENSG00000152465,NE
ENSG00000152520,NE
ENSG00000152527,NE
ENSG00000152558,NE
ENSG00000152620,NE
ENSG00000152642,NE
ENSG00000152683,NE
ENSG00000152700,NE
ENSG00000152894,NE
ENSG00000152904,E
ENSG00000152910,NE
ENSG00000152926,NE
ENSG00000152936,NE
ENSG00000152939,NE
ENSG00000152952,NE
ENSG00000153015,NE
ENSG00000153037,E
ENSG00000153048,NE
ENSG00000153071,NE
ENSG00000153086,NE
ENSG00000153130,NE
ENSG00000153179,NE
ENSG00000153187,E
ENSG00000153207,E
ENSG00000153208,NE
ENSG00000153317,NE
ENSG00000153339,E
ENSG00000153395,NE
ENSG00000153487,NE
ENSG00000153551,NE
ENSG00000153563,NE
ENSG00000153707,NE
ENSG00000153714,NE
ENSG00000153721,NE
ENSG00000153767,E
ENSG00000153802,NE
ENSG00000153822,NE
ENSG00000153904,NE
ENSG00000153933,NE
ENSG00000153989,E
ENSG00000154027,NE
ENSG00000154040,NE
ENSG00000154065,NE
ENSG00000154079,NE
ENSG00000154080,NE
ENSG00000154096,NE
ENSG00000154114,NE
ENSG00000154133,NE
ENSG00000154144,NE
ENSG00000154146,NE
ENSG00000154217,NE
ENSG00000154252,NE
ENSG00000154319,NE
ENSG00000154328,NE
ENSG00000154358,NE
ENSG00000154359,NE
ENSG00000154415,NE
ENSG00000154429,NE
ENSG00000154447,NE
ENSG00000154473,E
ENSG00000154478,NE
ENSG00000154518,NE
ENSG00000154553,NE
ENSG00000154556,NE
ENSG00000154582,E
ENSG00000154640,NE
ENSG00000154646,NE
ENSG00000154655,NE
ENSG00000154721,NE
ENSG00000154767,NE
ENSG00000154813,E
ENSG00000154856,NE
ENSG00000154930,NE
ENSG00000154957,NE
ENSG00000155066,NE
ENSG00000155085,NE
ENSG00000155093,NE
ENSG00000155158,NE
ENSG00000155189,NE
ENSG00000155313,NE
ENSG00000155438,E
ENSG00000155508,NE
ENSG00000155561,E
ENSG00000155629,NE
ENSG00000155755,NE
ENSG00000155760,NE
ENSG00000155850,NE
ENSG00000155858,E
ENSG00000155886,NE
ENSG00000155926,NE
ENSG00000155970,NE
ENSG00000155974,NE
ENSG00000156011,NE
ENSG00000156096,NE
ENSG00000156113,NE
ENSG00000156172,NE
ENSG00000156218,NE
ENSG00000156222,NE
ENSG00000156253,NE
ENSG00000156261,E
ENSG00000156269,NE
ENSG00000156273,NE
ENSG00000156284,NE
ENSG00000156411,NE
ENSG00000156414,NE
ENSG00000156482,E
ENSG00000156508,E
ENSG00000156642,NE
ENSG00000156675,NE
ENSG00000156687,NE
ENSG00000156795,NE
ENSG00000156804,NE
ENSG00000156970,E
ENSG00000157005,NE
ENSG00000157020,E
ENSG00000157064,NE
ENSG00000157093,NE
ENSG00000157103,NE
ENSG00000157106,E
ENSG00000157111,NE
ENSG00000157224,NE
ENSG00000157227,NE
ENSG00000157303,NE
ENSG00000157450,NE
ENSG00000157483,NE
ENSG00000157551,NE
ENSG00000157557,NE
ENSG00000157601,NE
ENSG00000157613,NE
ENSG00000157680,NE
ENSG00000157693,NE
ENSG00000157765,NE
ENSG00000157778,E
ENSG00000157782,NE
ENSG00000157796,NE
ENSG00000157827,NE
ENSG00000157837,NE
ENSG00000157954,NE
ENSG00000157985,NE
ENSG00000158014,NE
ENSG00000158019,NE
ENSG00000158050,NE
ENSG00000158062,NE
ENSG00000158125,NE
ENSG00000158163,NE
ENSG00000158186,NE
ENSG00000158270,NE
ENSG00000158321,NE
ENSG00000158480,NE
ENSG00000158560,NE
ENSG00000158604,NE
ENSG00000158711,NE
ENSG00000158716,NE
ENSG00000158748,NE
ENSG00000158792,NE
ENSG00000158805,NE
ENSG00000158825,NE
ENSG00000158856,NE
ENSG00000158863,NE
ENSG00000158941,NE
ENSG00000158985,NE
ENSG00000159055,E
ENSG00000159110,NE
ENSG00000159140,E
ENSG00000159147,E
ENSG00000159167,NE
ENSG00000159200,NE
ENSG00000159228,NE
ENSG00000159248,NE
ENSG00000159251,NE
ENSG00000159256,NE
ENSG00000159261,NE
ENSG00000159339,NE
ENSG00000159346,NE
ENSG00000159348,NE
ENSG00000159352,E
ENSG00000159377,E
ENSG00000159388,NE
ENSG00000159459,NE
ENSG00000159479,E
ENSG00000159618,NE
ENSG00000159720,E
ENSG00000159788,NE
ENSG00000159792,NE
ENSG00000160007,NE
ENSG00000160014,NE
ENSG00000160049,NE
ENSG00000160055,NE
ENSG00000160075,E
ENSG00000160094,NE
ENSG00000160113,NE
ENSG00000160180,NE
ENSG00000160182,NE
ENSG00000160183,NE
ENSG00000160191,NE
ENSG00000160194,NE
ENSG00000160207,NE
ENSG00000160208,NE
ENSG00000160213,NE
ENSG00000160218,NE
ENSG00000160255,NE
ENSG00000160285,NE
ENSG00000160294,E
ENSG00000160305,NE
ENSG00000160326,NE
ENSG00000160339,NE
ENSG00000160360,NE
ENSG00000160410,NE
ENSG00000160446,NE
ENSG00000160469,NE
ENSG00000160471,NE
ENSG00000160539,NE
ENSG00000160551,NE
ENSG00000160703,NE
ENSG00000160746,NE
ENSG00000160783,E
ENSG00000160796,NE
ENSG00000160801,NE
ENSG00000160882,NE
ENSG00000160888,NE
ENSG00000160917,E
ENSG00000160932,NE
ENSG00000161016,E
ENSG00000161057,E
ENSG00000161179,NE
ENSG00000161204,NE
ENSG00000161243,NE
ENSG00000161277,NE
ENSG00000161281,NE
ENSG00000161526,E
ENSG00000161618,NE
ENSG00000161653,NE
ENSG00000161671,NE
ENSG00000161677,NE
ENSG00000161800,E
ENSG00000161920,E
ENSG00000161921,NE
ENSG00000161980,E
ENSG00000161981,E
ENSG00000161996,NE
ENSG00000162040,NE
ENSG00000162191,NE
ENSG00000162194,NE
ENSG00000162231,E
ENSG00000162236,E
ENSG00000162373,NE
ENSG00000162408,E
ENSG00000162434,NE
ENSG00000162444,NE
ENSG00000162511,NE
ENSG00000162521,E
ENSG00000162551,NE
ENSG00000162571,NE
ENSG00000162614,NE
ENSG00000162616,NE
ENSG00000162618,NE
ENSG00000162630,NE
ENSG00000162645,NE
ENSG00000162714,NE
ENSG00000162734,NE
ENSG00000162769,NE
ENSG00000162772,NE
ENSG00000162783,NE
ENSG00000162814,NE
ENSG00000162817,NE
ENSG00000162819,NE
ENSG00000162852,NE
ENSG00000162881,NE
ENSG00000162897,NE
ENSG00000162909,NE
ENSG00000162989,NE
ENSG00000163069,NE
ENSG00000163104,NE
ENSG00000163110,NE
ENSG00000163114,NE
ENSG00000163131,NE
ENSG00000163132,NE
ENSG00000163138,NE
ENSG00000163161,E
ENSG00000163207,NE
ENSG00000163257,NE
ENSG00000163281,NE
ENSG00000163283,NE
ENSG00000163295,NE
ENSG00000163312,NE
ENSG00000163399,E
ENSG00000163406,NE
ENSG00000163468,E
ENSG00000163510,E
ENSG00000163517,NE
ENSG00000163565,NE
ENSG00000163590,NE
ENSG00000163608,E
ENSG00000163625,NE
ENSG00000163631,NE
ENSG00000163635,NE
ENSG00000163636,E
ENSG00000163644,NE
ENSG00000163683,NE
ENSG00000163686,NE
ENSG00000163687,NE
ENSG00000163697,NE
ENSG00000163702,NE
ENSG00000163714,E
ENSG00000163719,NE
ENSG00000163755,NE
ENSG00000163781,E
ENSG00000163811,E
ENSG00000163812,NE
ENSG00000163814,NE
ENSG00000163818,NE
ENSG00000163827,NE
ENSG00000163874,NE
ENSG00000163882,E
ENSG00000163902,E
ENSG00000163918,E
ENSG00000163933,E
ENSG00000163956,NE
ENSG00000164031,NE
ENSG00000164035,NE
ENSG00000164040,NE
ENSG00000164048,NE
ENSG00000164066,NE
ENSG00000164073,NE
ENSG00000164074,NE
ENSG00000164091,E
ENSG00000164096,NE
ENSG00000164100,NE
ENSG00000164104,NE
ENSG00000164105,NE
ENSG00000164106,NE
ENSG00000164113,NE
ENSG00000164114,NE
ENSG00000164116,NE
ENSG00000164117,NE
ENSG00000164120,NE
ENSG00000164128,NE
ENSG00000164129,NE
ENSG00000164136,NE
ENSG00000164142,NE
ENSG00000164144,NE
ENSG00000164162,E
ENSG00000164163,E
ENSG00000164164,NE
ENSG00000164167,E
ENSG00000164171,NE
ENSG00000164181,NE
ENSG00000164187,NE
ENSG00000164211,NE
ENSG00000164237,NE
ENSG00000164251,NE
ENSG00000164252,NE
ENSG00000164253,NE
ENSG00000164283,NE
ENSG00000164291,NE
ENSG00000164292,NE
ENSG00000164300,NE
ENSG00000164303,NE
ENSG00000164306,NE
ENSG00000164323,NE
ENSG00000164329,NE
ENSG00000164332,NE
ENSG00000164342,NE
ENSG00000164344,NE
ENSG00000164346,E
ENSG00000164363,NE
ENSG00000164379,NE
ENSG00000164465,NE
ENSG00000164488,NE
ENSG00000164512,NE
ENSG00000164603,NE
ENSG00000164609,E
ENSG00000164626,NE
ENSG00000164627,NE
ENSG00000164631,NE
ENSG00000164663,NE
ENSG00000164675,NE
ENSG00000164684,NE
ENSG00000164690,NE
ENSG00000164692,NE
ENSG00000164707,NE
ENSG00000164733,NE
ENSG00000164741,NE
ENSG00000164742,NE
ENSG00000164754,E
ENSG00000164758,E
ENSG00000164761,NE
ENSG00000164764,NE
ENSG00000164828,NE
ENSG00000164850,NE
ENSG00000164855,NE
ENSG00000164877,NE
ENSG00000164889,NE
ENSG00000164896,NE
ENSG00000164897,NE
ENSG00000164902,E
ENSG00000164930,NE
ENSG00000164933,NE
ENSG00000164938,NE
ENSG00000164941,E
ENSG00000164944,E
ENSG00000164946,NE
ENSG00000164953,NE
ENSG00000164975,E
ENSG00000164978,NE
ENSG00000164983,NE
ENSG00000164985,NE
ENSG00000165092,NE
ENSG00000165102,NE
ENSG00000165185,NE
ENSG00000165215,NE
ENSG00000165219,NE
ENSG00000165233,NE
ENSG00000165271,E
ENSG00000165275,NE
ENSG00000165280,E
ENSG00000165424,NE
ENSG00000165449,NE
ENSG00000165475,NE
ENSG00000165495,NE
ENSG00000165501,E
ENSG00000165502,E
ENSG00000165516,NE
ENSG00000165572,NE
ENSG00000165609,NE
ENSG00000165617,NE
ENSG00000165626,NE
ENSG00000165646,NE
ENSG00000165655,NE
ENSG00000165660,NE
ENSG00000165684,E
ENSG00000165685,NE
ENSG00000165688,E
ENSG00000165699,NE
ENSG00000165732,E
ENSG00000165733,E
ENSG00000165794,NE
ENSG00000165804,NE
ENSG00000165810,NE
ENSG00000165813,NE
ENSG00000165828,NE
ENSG00000165832,NE
ENSG00000165841,NE
ENSG00000165887,NE
ENSG00000165905,NE
ENSG00000165915,NE
ENSG00000165916,E
ENSG00000165934,E
ENSG00000165959,NE
ENSG00000165970,NE
ENSG00000165973,NE
ENSG00000165983,NE
ENSG00000165995,NE
ENSG00000165996,NE
ENSG00000165997,NE
ENSG00000166024,NE
ENSG00000166046,NE
ENSG00000166068,NE
ENSG00000166073,NE
ENSG00000166086,NE
ENSG00000166128,NE
ENSG00000166140,NE
ENSG00000166152,NE
ENSG00000166183,NE
ENSG00000166189,NE
ENSG00000166200,E
ENSG00000166206,NE
ENSG00000166226,E
ENSG00000166233,E
ENSG00000166263,NE
ENSG00000166266,NE
ENSG00000166313,NE
ENSG00000166326,NE
ENSG00000166340,NE
ENSG00000166347,NE
ENSG00000166394,NE
ENSG00000166405,NE
ENSG00000166407,NE
ENSG00000166426,NE
ENSG00000166428,NE
ENSG00000166441,E
ENSG00000166450,NE
ENSG00000166451,E
ENSG00000166479,NE
ENSG00000166482,NE
ENSG00000166483,E
ENSG00000166484,NE
ENSG00000166503,NE
ENSG00000166508,E
ENSG00000166529,NE
ENSG00000166562,NE
ENSG00000166582,NE
ENSG00000166619,NE
ENSG00000166669,NE
ENSG00000166682,NE
ENSG00000166710,NE
ENSG00000166716,NE
ENSG00000166736,NE
ENSG00000166741,NE
ENSG00000166796,NE
ENSG00000166800,NE
ENSG00000166801,NE
ENSG00000166819,NE
ENSG00000166825,NE
ENSG00000166831,NE
ENSG00000166847,E
ENSG00000166851,E
ENSG00000166881,NE
ENSG00000166886,NE
ENSG00000166900,NE
ENSG00000166912,NE
ENSG00000166963,NE
ENSG00000166965,NE
ENSG00000166986,E
ENSG00000167005,E
ENSG00000167065,NE
ENSG00000167077,NE
ENSG00000167085,E
ENSG00000167088,E
ENSG00000167114,NE
ENSG00000167139,NE
ENSG00000167208,NE
ENSG00000167220,NE
ENSG00000167272,E
ENSG00000167306,NE
ENSG00000167311,NE
ENSG00000167323,NE
ENSG00000167325,E
ENSG00000167333,NE
ENSG00000167346,NE
ENSG00000167377,NE
ENSG00000167468,E
ENSG00000167487,NE
ENSG00000167526,E
ENSG00000167554,NE
ENSG00000167617,NE
ENSG00000167635,NE
ENSG00000167641,NE
ENSG00000167653,NE
ENSG00000167657,NE
ENSG00000167658,E
ENSG00000167664,NE
ENSG00000167670,E
ENSG00000167685,NE
ENSG00000167699,NE
ENSG00000167721,E
ENSG00000167748,NE
ENSG00000167755,NE
ENSG00000167842,E
ENSG00000167874,NE
ENSG00000167925,NE
ENSG00000167977,NE
ENSG00000167986,E
ENSG00000167994,NE
ENSG00000168002,E
ENSG00000168026,NE
ENSG00000168038,NE
ENSG00000168065,NE
ENSG00000168066,E
ENSG00000168078,NE
ENSG00000168079,NE
ENSG00000168081,NE
ENSG00000168090,E
ENSG00000168096,NE
ENSG00000168143,NE
ENSG00000168152,NE
ENSG00000168209,NE
ENSG00000168216,NE
ENSG00000168228,NE
ENSG00000168246,NE
ENSG00000168256,NE
ENSG00000168269,NE
ENSG00000168297,NE
ENSG00000168310,NE
ENSG00000168329,NE
ENSG00000168350,NE
ENSG00000168374,E
ENSG00000168393,E
ENSG00000168398,NE
ENSG00000168461,NE
ENSG00000168484,NE
ENSG00000168487,NE
ENSG00000168490,NE
ENSG00000168502,NE
ENSG00000168522,E
ENSG00000168538,E
ENSG00000168589,NE
ENSG00000168615,NE
ENSG00000168621,NE
ENSG00000168661,NE
ENSG00000168675,NE
ENSG00000168769,NE
ENSG00000168813,NE
ENSG00000168818,E
ENSG00000168883,E
ENSG00000168884,NE
ENSG00000168899,NE
ENSG00000168903,NE
ENSG00000168906,E
ENSG00000168944,NE
ENSG00000168994,NE
ENSG00000169035,NE
ENSG00000169105,NE
ENSG00000169116,NE
ENSG00000169154,NE
ENSG00000169184,NE
ENSG00000169230,E
ENSG00000169242,NE
ENSG00000169251,E
ENSG00000169255,NE
ENSG00000169299,NE
ENSG00000169302,NE
ENSG00000169347,NE
ENSG00000169372,NE
ENSG00000169393,NE
ENSG00000169410,NE
ENSG00000169418,NE
ENSG00000169439,NE
ENSG00000169504,NE
ENSG00000169550,NE
ENSG00000169564,E
ENSG00000169567,NE
ENSG00000169635,NE
ENSG00000169660,NE
ENSG00000169727,E
ENSG00000169744,NE
ENSG00000169777,NE
ENSG00000169814,NE
ENSG00000169851,NE
ENSG00000169925,NE
ENSG00000169926,NE
ENSG00000169951,NE
ENSG00000169972,NE
ENSG00000169976,E
ENSG00000169991,NE
ENSG00000170037,NE
ENSG00000170043,E
ENSG00000170054,NE
ENSG00000170074,NE
ENSG00000170088,NE
ENSG00000170231,NE
ENSG00000170265,NE
ENSG00000170310,NE
ENSG00000170312,E
ENSG00000170364,NE
ENSG00000170365,NE
ENSG00000170369,NE
ENSG00000170385,NE
ENSG00000170412,NE
ENSG00000170421,E
ENSG00000170430,NE
ENSG00000170445,E
ENSG00000170448,NE
ENSG00000170502,NE
ENSG00000170516,NE
ENSG00000170522,NE
ENSG00000170525,NE
ENSG00000170542,NE
ENSG00000170549,NE
ENSG00000170561,NE
ENSG00000170571,NE
ENSG00000170577,NE
ENSG00000170631,NE
ENSG00000170634,NE
ENSG00000170638,NE
ENSG00000170677,NE
ENSG00000170745,NE
ENSG00000170759,NE
ENSG00000170776,NE
ENSG00000170786,NE
ENSG00000170837,NE
ENSG00000170855,E
ENSG00000170860,E
ENSG00000170871,NE
ENSG00000170876,NE
ENSG00000170889,E
ENSG00000170917,NE
ENSG00000170949,NE
ENSG00000170950,NE
ENSG00000170955,NE
ENSG00000170956,NE
ENSG00000170962,NE
ENSG00000170989,NE
ENSG00000171051,NE
ENSG00000171055,NE
ENSG00000171067,NE
ENSG00000171097,NE
ENSG00000171204,NE
ENSG00000171224,NE
ENSG00000171227,NE
ENSG00000171295,NE
ENSG00000171298,NE
ENSG00000171303,NE
ENSG00000171360,NE
ENSG00000171425,NE
ENSG00000171428,NE
ENSG00000171435,NE
ENSG00000171443,NE
ENSG00000171444,NE
ENSG00000171448,NE
ENSG00000171453,E
ENSG00000171456,NE
ENSG00000171466,NE
ENSG00000171469,NE
ENSG00000171490,E
ENSG00000171492,NE
ENSG00000171497,NE
ENSG00000171503,NE
ENSG00000171552,E
ENSG00000171564,NE
ENSG00000171604,NE
ENSG00000171617,NE
ENSG00000171649,NE
ENSG00000171729,NE
ENSG00000171759,NE
ENSG00000171763,E
ENSG00000171792,NE
ENSG00000171806,NE
ENSG00000171843,NE
ENSG00000171848,E
ENSG00000171858,E
ENSG00000171860,NE
ENSG00000171862,NE
ENSG00000171863,E
ENSG00000171867,NE
ENSG00000171885,NE
ENSG00000171914,NE
ENSG00000171962,NE
ENSG00000171988,NE
ENSG00000171989,NE
ENSG00000171992,NE
ENSG00000172053,E
ENSG00000172156,NE
ENSG00000172159,NE
ENSG00000172243,NE
ENSG00000172264,NE
ENSG00000172269,E
ENSG00000172273,E
ENSG00000172296,NE
ENSG00000172340,NE
ENSG00000172345,NE
ENSG00000172348,NE
ENSG00000172349,NE
ENSG00000172350,NE
ENSG00000172375,NE
ENSG00000172379,NE
ENSG00000172403,NE
ENSG00000172409,E
ENSG00000172456,NE
ENSG00000172461,NE
ENSG00000172469,NE
ENSG00000172493,NE
ENSG00000172530,E
ENSG00000172572,NE
ENSG00000172613,E
ENSG00000172638,NE
ENSG00000172667,NE
ENSG00000172728,NE
ENSG00000172765,NE
ENSG00000172809,E
ENSG00000172817,NE
ENSG00000172831,NE
ENSG00000172867,NE
ENSG00000172888,NE
ENSG00000172936,NE
ENSG00000172954,NE
ENSG00000172955,NE
ENSG00000172986,NE
ENSG00000173011,NE
ENSG00000173068,NE
ENSG00000173113,E
ENSG00000173171,NE
ENSG00000173253,NE
ENSG00000173269,NE
ENSG00000173276,NE
ENSG00000173281,NE
ENSG00000173320,NE
ENSG00000173376,NE
ENSG00000173517,NE
ENSG00000173530,NE
ENSG00000173540,E
ENSG00000173542,NE
ENSG00000173548,NE
ENSG00000173588,NE
ENSG00000173610,NE
ENSG00000173611,NE
ENSG00000173662,NE
ENSG00000173692,E
ENSG00000173706,NE
ENSG00000173744,NE
ENSG00000173812,E
ENSG00000173928,NE
ENSG00000173960,NE
ENSG00000174013,NE
ENSG00000174059,NE
ENSG00000174136,NE
ENSG00000174227,NE
ENSG00000174292,NE
ENSG00000174307,NE
ENSG00000174358,NE
ENSG00000174437,E
ENSG00000174446,E
ENSG00000174502,NE
ENSG00000174607,NE
ENSG00000174628,NE
ENSG00000174652,NE
ENSG00000174672,NE
ENSG00000174705,NE
ENSG00000174748,E
ENSG00000174780,E
ENSG00000174804,NE
ENSG00000174808,NE
ENSG00000174839,NE
ENSG00000174938,NE
ENSG00000174943,NE
ENSG00000175003,NE
ENSG00000175048,NE
ENSG00000175066,NE
ENSG00000175166,E
ENSG00000175182,NE
ENSG00000175198,NE
ENSG00000175203,E
ENSG00000175206,NE
ENSG00000175216,E
ENSG00000175334,E
ENSG00000175352,NE
ENSG00000175376,E
ENSG00000175390,E
ENSG00000175395,NE
ENSG00000175445,NE
ENSG00000175467,E
ENSG00000175505,NE
ENSG00000175535,NE
ENSG00000175634,NE
ENSG00000175662,NE
ENSG00000175697,NE
ENSG00000175745,NE
ENSG00000175782,NE
ENSG00000175792,E
ENSG00000175806,NE
ENSG00000175879,NE
ENSG00000175893,NE
ENSG00000175920,NE
ENSG00000176009,NE
ENSG00000176014,NE
ENSG00000176018,NE
ENSG00000176020,NE
ENSG00000176022,NE
ENSG00000176046,NE
ENSG00000176055,NE
ENSG00000176087,NE
ENSG00000176101,NE
ENSG00000176102,E
ENSG00000176108,E
ENSG00000176142,NE
ENSG00000176194,NE
ENSG00000176209,NE
ENSG00000176248,E
ENSG00000176401,NE
ENSG00000176407,E
ENSG00000176428,NE
ENSG00000176438,NE
ENSG00000176463,NE
ENSG00000176532,NE
ENSG00000176533,NE
ENSG00000176624,NE
ENSG00000176715,NE
ENSG00000176783,NE
ENSG00000176788,NE
ENSG00000176842,NE
ENSG00000176915,E
ENSG00000176928,NE
ENSG00000176946,NE
ENSG00000177000,NE
ENSG00000177030,NE
ENSG00000177051,NE
ENSG00000177054,NE
ENSG00000177058,NE
ENSG00000177084,E
ENSG00000177143,NE
ENSG00000177169,NE
ENSG00000177191,NE
ENSG00000177283,NE
ENSG00000177311,NE
ENSG00000177425,NE
ENSG00000177465,NE
ENSG00000177469,NE
ENSG00000177519,NE
ENSG00000177556,NE
ENSG00000177600,E
ENSG00000177602,NE
ENSG00000177669,NE
ENSG00000177700,E
ENSG00000177707,NE
ENSG00000177732,NE
ENSG00000177873,NE
ENSG00000177885,E
ENSG00000177932,NE
ENSG00000177971,E
ENSG00000178031,NE
ENSG00000178078,NE
ENSG00000178105,E
ENSG00000178177,NE
ENSG00000178201,NE
ENSG00000178234,NE
ENSG00000178301,NE
ENSG00000178338,NE
ENSG00000178343,NE
ENSG00000178363,NE
ENSG00000178381,NE
ENSG00000178462,NE
ENSG00000178597,NE
ENSG00000178662,NE
ENSG00000178718,NE
ENSG00000178761,NE
ENSG00000178764,NE
ENSG00000178826,NE
ENSG00000178828,NE
ENSG00000178896,E
ENSG00000178935,NE
ENSG00000178974,NE
ENSG00000178999,E
ENSG00000179029,NE
ENSG00000179041,E
ENSG00000179094,NE
ENSG00000179104,NE
ENSG00000179115,E
ENSG00000179142,NE
ENSG00000179144,NE
ENSG00000179195,NE
ENSG00000179241,NE
ENSG00000179256,NE
ENSG00000179331,NE
ENSG00000179335,NE
ENSG00000179388,NE
ENSG00000179399,NE
ENSG00000179454,NE
ENSG00000179532,NE
ENSG00000179583,NE
ENSG00000179593,NE
ENSG00000179598,NE
ENSG00000179709,NE
ENSG00000179833,NE
ENSG00000179912,NE
ENSG00000179914,NE
ENSG00000179943,NE
ENSG00000179981,NE
ENSG00000180011,NE
ENSG00000180198,E
ENSG00000180233,NE
ENSG00000180304,NE
ENSG00000180340,NE
ENSG00000180357,NE
ENSG00000180488,NE
ENSG00000180530,NE
ENSG00000180638,NE
ENSG00000180644,NE
ENSG00000180745,NE
ENSG00000180758,NE
ENSG00000180767,NE
ENSG00000180773,NE
ENSG00000180822,E
ENSG00000181004,NE
ENSG00000181007,NE
ENSG00000181027,NE
ENSG00000181029,E
ENSG00000181163,E
ENSG00000181192,NE
ENSG00000181408,NE
ENSG00000181444,NE
ENSG00000181458,NE
ENSG00000181467,NE
ENSG00000181562,NE
ENSG00000181577,NE
ENSG00000181588,NE
ENSG00000181722,NE
ENSG00000181778,NE
ENSG00000181781,NE
ENSG00000181788,NE
ENSG00000181789,E
ENSG00000181804,NE
ENSG00000181826,NE
ENSG00000181896,NE
ENSG00000181982,NE
ENSG00000182013,NE
ENSG00000182022,NE
ENSG00000182050,NE
ENSG00000182054,NE
ENSG00000182158,NE
ENSG00000182168,NE
ENSG00000182208,NE
ENSG00000182224,NE
ENSG00000182247,NE
ENSG00000182263,NE
ENSG00000182362,NE
ENSG00000182379,NE
ENSG00000182446,E
ENSG00000182463,NE
ENSG00000182472,NE
ENSG00000182541,NE
ENSG00000182544,NE
ENSG00000182551,NE
ENSG00000182601,NE
ENSG00000182621,NE
ENSG00000182674,NE
ENSG00000182704,NE
ENSG00000182771,NE
ENSG00000182809,NE
ENSG00000182827,NE
ENSG00000182836,NE
ENSG00000182866,NE
ENSG00000182899,E
ENSG00000182901,NE
ENSG00000182903,NE
ENSG00000182919,NE
ENSG00000182944,E
ENSG00000182973,NE
ENSG00000182986,NE
ENSG00000183036,NE
ENSG00000183049,NE
ENSG00000183098,NE
ENSG00000183111,NE
ENSG00000183117,NE
ENSG00000183186,NE
ENSG00000183196,NE
ENSG00000183207,E
ENSG00000183255,NE
ENSG00000183258,E
ENSG00000183283,NE
ENSG00000183309,NE
ENSG00000183431,E
ENSG00000183486,NE
ENSG00000183520,E
ENSG00000183579,NE
ENSG00000183580,NE
ENSG00000183605,NE
ENSG00000183668,NE
ENSG00000183684,E
ENSG00000183696,NE
ENSG00000183723,NE
ENSG00000183741,NE
ENSG00000183747,NE
ENSG00000183751,E
ENSG00000183765,NE
ENSG00000183778,NE
ENSG00000183840,NE
ENSG00000183844,NE
ENSG00000183853,NE
ENSG00000183864,NE
ENSG00000183891,NE
ENSG00000184056,NE
ENSG00000184113,NE
ENSG00000184160,NE
ENSG00000184164,NE
ENSG00000184209,E
ENSG00000184220,NE
ENSG00000184227,NE
ENSG00000184254,NE
ENSG00000184304,NE
ENSG00000184307,NE
ENSG00000184344,NE
ENSG00000184347,NE
ENSG00000184381,NE
ENSG00000184384,NE
ENSG00000184432,E
ENSG00000184434,NE
ENSG00000184502,NE
ENSG00000184507,NE
ENSG00000184611,NE
ENSG00000184619,NE
ENSG00000184635,NE
ENSG00000184672,NE
ENSG00000184792,NE
ENSG00000184860,NE
ENSG00000184900,NE
ENSG00000184903,NE
ENSG00000184908,NE
ENSG00000184937,NE
ENSG00000184984,NE
ENSG00000184985,NE
ENSG00000185013,NE
ENSG00000185015,NE
ENSG00000185101,NE
ENSG00000185112,NE
ENSG00000185133,NE
ENSG00000185215,NE
ENSG00000185231,NE
ENSG00000185238,NE
ENSG00000185305,NE
ENSG00000185313,NE
ENSG00000185338,NE
ENSG00000185340,NE
ENSG00000185386,NE
ENSG00000185404,NE
ENSG00000185420,NE
ENSG00000185437,NE
ENSG00000185483,NE
ENSG00000185551,NE
ENSG00000185594,NE
ENSG00000185619,NE
ENSG00000185627,E
ENSG00000185630,NE
ENSG00000185651,E
ENSG00000185774,NE
ENSG00000185800,NE
ENSG00000185811,NE
ENSG00000185818,NE
ENSG00000185875,NE
ENSG00000185883,E
ENSG00000185896,NE
ENSG00000185917,NE
ENSG00000185946,E
ENSG00000185947,NE
ENSG00000186007,NE
ENSG00000186009,NE
ENSG00000186104,NE
ENSG00000186106,NE
ENSG00000186141,E
ENSG00000186153,NE
ENSG00000186187,NE
ENSG00000186222,NE
ENSG00000186300,NE
ENSG00000186334,NE
ENSG00000186340,NE
ENSG00000186352,NE
ENSG00000186468,E
ENSG00000186470,NE
ENSG00000186472,NE
ENSG00000186496,NE
ENSG00000186501,NE
ENSG00000186529,NE
ENSG00000186575,NE
ENSG00000186654,NE
ENSG00000186716,NE
ENSG00000186732,NE
ENSG00000186792,NE
ENSG00000186908,NE
ENSG00000186918,NE
ENSG00000186994,NE
ENSG00000187045,NE
ENSG00000187147,NE
ENSG00000187164,NE
ENSG00000187189,NE
ENSG00000187210,NE
ENSG00000187244,NE
ENSG00000187581,NE
ENSG00000187607,NE
ENSG00000187699,NE
ENSG00000187713,NE
ENSG00000187720,NE
ENSG00000187764,NE
ENSG00000187957,NE
ENSG00000187987,NE
ENSG00000188015,NE
ENSG00000188056,NE
ENSG00000188089,NE
ENSG00000188112,NE
ENSG00000188130,NE
ENSG00000188191,NE
ENSG00000188215,NE
ENSG00000188257,NE
ENSG00000188295,NE
ENSG00000188352,NE
ENSG00000188394,NE
ENSG00000188404,NE
ENSG00000188488,NE
ENSG00000188493,NE
ENSG00000188559,NE
ENSG00000188603,NE
ENSG00000188611,NE
ENSG00000188636,NE
ENSG00000188677,NE
ENSG00000188732,NE
ENSG00000188735,NE
ENSG00000188747,NE
ENSG00000188785,NE
ENSG00000188803,NE
ENSG00000188816,NE
ENSG00000188822,NE
ENSG00000188846,E
ENSG00000188921,NE
ENSG00000188994,NE
ENSG00000189042,NE
ENSG00000189056,NE
ENSG00000189067,NE
ENSG00000189091,E
ENSG00000189144,NE
ENSG00000189171,NE
ENSG00000189180,NE
ENSG00000189184,NE
ENSG00000189227,NE
ENSG00000189241,NE
ENSG00000189283,NE
ENSG00000189337,NE
ENSG00000189366,E
ENSG00000196116,NE
ENSG00000196141,NE
ENSG00000196152,NE
ENSG00000196188,NE
ENSG00000196214,NE
ENSG00000196220,NE
ENSG00000196235,E
ENSG00000196267,NE
ENSG00000196268,NE
ENSG00000196305,E
ENSG00000196344,NE
ENSG00000196363,E
ENSG00000196365,E
ENSG00000196367,E
ENSG00000196372,NE
ENSG00000196387,NE
ENSG00000196405,NE
ENSG00000196417,NE
ENSG00000196419,E
ENSG00000196449,E
ENSG00000196456,NE
ENSG00000196470,NE
ENSG00000196511,NE
ENSG00000196531,E
ENSG00000196547,NE
ENSG00000196549,NE
ENSG00000196557,NE
ENSG00000196562,NE
ENSG00000196576,NE
ENSG00000196581,NE
ENSG00000196586,NE
ENSG00000196628,NE
ENSG00000196653,NE
ENSG00000196655,E
ENSG00000196670,NE
ENSG00000196724,NE
ENSG00000196730,NE
ENSG00000196739,NE
ENSG00000196743,NE
ENSG00000196782,NE
ENSG00000196850,NE
ENSG00000196935,NE
ENSG00000196937,NE
ENSG00000196954,NE
ENSG00000196967,NE
ENSG00000196975,NE
ENSG00000197019,NE
ENSG00000197024,NE
ENSG00000197050,NE
ENSG00000197056,NE
ENSG00000197077,NE
ENSG00000197081,NE
ENSG00000197102,E
ENSG00000197111,E
ENSG00000197121,NE
ENSG00000197150,NE
ENSG00000197157,NE
ENSG00000197165,NE
ENSG00000197170,E
ENSG00000197217,NE
ENSG00000197241,NE
ENSG00000197256,NE
ENSG00000197265,E
ENSG00000197321,NE
ENSG00000197324,NE
ENSG00000197329,NE
ENSG00000197343,NE
ENSG00000197406,NE
ENSG00000197448,NE
ENSG00000197461,NE
ENSG00000197471,NE
ENSG00000197498,E
ENSG00000197506,NE
ENSG00000197535,NE
ENSG00000197548,NE
ENSG00000197555,NE
ENSG00000197576,NE
ENSG00000197579,NE
ENSG00000197586,NE
ENSG00000197614,NE
ENSG00000197619,NE
ENSG00000197696,NE
ENSG00000197705,NE
ENSG00000197756,E
ENSG00000197766,NE
ENSG00000197774,NE
ENSG00000197798,NE
ENSG00000197818,NE
ENSG00000197857,NE
ENSG00000197860,NE
ENSG00000197885,NE
ENSG00000197888,NE
ENSG00000197891,NE
ENSG00000197901,NE
ENSG00000197912,NE
ENSG00000197928,NE
ENSG00000197933,NE
ENSG00000197958,E
ENSG00000198003,NE
ENSG00000198010,NE
ENSG00000198042,E
ENSG00000198046,NE
ENSG00000198056,E
ENSG00000198077,NE
ENSG00000198087,NE
ENSG00000198099,NE
ENSG00000198105,NE
ENSG00000198108,NE
ENSG00000198131,NE
ENSG00000198146,NE
ENSG00000198169,NE
ENSG00000198183,NE
ENSG00000198231,E
ENSG00000198242,E
ENSG00000198246,NE
ENSG00000198258,E
ENSG00000198300,NE
ENSG00000198301,E
ENSG00000198331,NE
ENSG00000198363,NE
ENSG00000198369,NE
ENSG00000198398,NE
ENSG00000198482,NE
ENSG00000198521,NE
ENSG00000198522,E
ENSG00000198542,NE
ENSG00000198589,NE
ENSG00000198610,NE
ENSG00000198612,E
ENSG00000198642,NE
ENSG00000198650,NE
ENSG00000198704,NE
ENSG00000198715,NE
ENSG00000198718,NE
ENSG00000198729,NE
ENSG00000198734,NE
ENSG00000198740,NE
ENSG00000198754,NE
ENSG00000198755,E
ENSG00000198783,E
ENSG00000198792,NE
ENSG00000198793,E
ENSG00000198796,NE
ENSG00000198805,NE
ENSG00000198816,NE
ENSG00000198818,NE
ENSG00000198829,NE
ENSG00000198832,NE
ENSG00000198839,NE
ENSG00000198842,NE
ENSG00000198844,NE
ENSG00000198846,NE
ENSG00000198851,NE
ENSG00000198853,NE
ENSG00000198858,NE
ENSG00000198860,NE
ENSG00000198863,NE
ENSG00000198865,NE
ENSG00000198876,NE
ENSG00000198890,NE
ENSG00000198894,NE
ENSG00000198900,E
ENSG00000198912,NE
ENSG00000198917,E
ENSG00000198924,NE
ENSG00000198952,E
ENSG00000198959,NE
ENSG00000198961,NE
ENSG00000203727,NE
ENSG00000203797,NE
ENSG00000203837,NE
ENSG00000203883,NE
ENSG00000204103,NE
ENSG00000204178,NE
ENSG00000204220,E
ENSG00000204228,NE
ENSG00000204311,NE
ENSG00000204394,E
ENSG00000204406,NE
ENSG00000204435,E
ENSG00000204490,NE
ENSG00000204524,NE
ENSG00000204653,NE
ENSG00000204673,NE
ENSG00000204899,E
ENSG00000204954,NE
ENSG00000205060,NE
ENSG00000205084,NE
ENSG00000205189,NE
ENSG00000205213,NE
ENSG00000205279,NE
ENSG00000205302,NE
ENSG00000205309,NE
ENSG00000205339,E
ENSG00000205403,NE
ENSG00000205517,NE
ENSG00000205593,NE
ENSG00000205765,NE
ENSG00000205808,NE
ENSG00000205937,E
ENSG00000206052,NE
ENSG00000206355,NE
ENSG00000206383,NE
ENSG00000206418,NE
ENSG00000206560,NE
ENSG00000206562,NE
ENSG00000211445,NE
ENSG00000211448,NE
ENSG00000211452,NE
ENSG00000211455,NE
ENSG00000211456,E
ENSG00000212122,NE
ENSG00000212127,NE
ENSG00000212864,NE
ENSG00000213020,NE
ENSG00000213145,NE
ENSG00000213160,NE
ENSG00000213213,NE
ENSG00000213465,E
ENSG00000213639,E
ENSG00000213741,E
ENSG00000213782,E
ENSG00000213901,NE
ENSG00000213965,NE
ENSG00000214013,NE
ENSG00000214113,E
ENSG00000214128,NE
ENSG00000214367,E
ENSG00000214413,NE
ENSG00000214435,NE
ENSG00000215009,NE
ENSG00000215018,NE
ENSG00000215021,E
ENSG00000215375,NE
ENSG00000215612,NE
ENSG00000215788,NE
ENSG00000217128,NE
ENSG00000217930,E
ENSG00000221821,NE
ENSG00000221829,NE
ENSG00000221843,NE
ENSG00000221886,NE
ENSG00000221926,NE
ENSG00000221944,E
ENSG00000221963,NE
ENSG00000221983,E
ENSG00000223496,E
ENSG00000224051,NE
ENSG00000224531,NE
ENSG00000224586,NE
ENSG00000225697,NE
ENSG00000225968,NE
ENSG00000225998,E
ENSG00000226225,E
ENSG00000226742,NE
ENSG00000227402,E
ENSG00000228083,NE
ENSG00000228736,NE
ENSG00000232541,NE
ENSG00000233051,NE
ENSG00000233276,NE
ENSG00000233561,E
ENSG00000234058,E
ENSG00000235067,E
ENSG00000235452,NE
ENSG00000235568,NE
ENSG00000236237,NE
ENSG00000236342,E
ENSG00000237462,NE
ENSG00000237599,NE
ENSG00000239306,E
ENSG00000239388,NE
ENSG00000239713,NE
ENSG00000240303,NE
ENSG00000240583,NE
ENSG00000240682,E
ENSG00000240694,NE
ENSG00000240857,NE
ENSG00000241258,E
ENSG00000241360,NE
ENSG00000241468,E
ENSG00000241563,NE
ENSG00000241635,NE
ENSG00000241945,E
ENSG00000242220,NE
ENSG00000242247,NE
ENSG00000242259,NE
ENSG00000242265,NE
ENSG00000242372,E
ENSG00000242802,NE
ENSG00000242852,NE
ENSG00000243067,NE
ENSG00000243244,NE
ENSG00000243646,NE
ENSG00000244005,E
ENSG00000244486,NE
ENSG00000244509,NE
ENSG00000244607,NE
ENSG00000244754,NE
ENSG00000247077,NE
ENSG00000248098,NE
ENSG00000248099,NE
ENSG00000248905,NE
ENSG00000249115,E
ENSG00000249709,NE
ENSG00000249853,NE
ENSG00000250317,NE
ENSG00000253710,E
ENSG00000254004,NE
ENSG00000254087,NE
ENSG00000254685,NE
ENSG00000255346,NE
ENSG00000255423,NE
ENSG00000255974,NE
ENSG00000256087,NE
ENSG00000256870,NE
ENSG00000257335,NE
ENSG00000257923,NE
ENSG00000258818,NE
ENSG00000258839,NE
ENSG00000262102,NE
ENSG00000262334,NE
ENSG00000262795,NE
ENSG00000262826,E
ENSG00000263002,NE
ENSG00000263290,NE
ENSG00000263528,NE
ENSG00000264364,NE
ENSG00000264522,NE
ENSG00000265241,E
ENSG00000269343,NE
ENSG00000273079,NE
ENSG00000273562,NE
ENSG00000273645,NE
ENSG00000273707,NE
ENSG00000273841,NE
ENSG00000273859,NE
ENSG00000273936,NE
ENSG00000273993,NE
ENSG00000274081,E
ENSG00000274112,NE
ENSG00000274131,NE
ENSG00000274232,NE
ENSG00000274334,NE
ENSG00000274384,NE
ENSG00000274442,E
ENSG00000274811,NE
ENSG00000275079,NE
ENSG00000275199,NE
ENSG00000275211,NE
ENSG00000275300,NE
ENSG00000275333,NE
ENSG00000275338,NE
ENSG00000275342,NE
ENSG00000275365,NE
ENSG00000275410,E
ENSG00000275723,NE
ENSG00000275835,E
ENSG00000275867,E
ENSG00000275979,E
ENSG00000276021,NE
ENSG00000276111,NE
ENSG00000276262,E
ENSG00000276293,NE
ENSG00000276429,NE
ENSG00000276463,NE
ENSG00000276787,NE
ENSG00000276838,NE
ENSG00000276879,NE
ENSG00000277015,NE
ENSG00000277791,E
ENSG00000278183,NE
ENSG00000278195,NE
ENSG00000278211,NE
ENSG00000278220,NE
ENSG00000278268,NE
ENSG00000278494,E
ENSG00000278555,NE
ENSG00000278682,NE
ENSG00000280479,NE
ENSG00000280548,E
ENSG00000280680,NE
ENSG00000280682,E
ENSG00000280830,NE
ENSG00000281221,E
ENSG00000281289,NE
ENSG00000281670,NE
ENSG00000281857,NE
ENSG00000282003,E
ENSG00000282214,NE
ENSG00000282307,NE
ENSG00000282752,E
ENSG00000282830,NE
ENSG00000282891,NE
ENSG00000282932,NE
ENSG00000282947,E
ENSG00000283085,NE
ENSG00000283510,NE
ENSG00000283781,NE
ENSG00000283918,NE
ENSG00000284238,E
ENSG00000284510,NE
ENSG00000284548,NE
ENSG00000284598,NE
ENSG00000284752,NE
ENSG00000284936,NE
ENSG00000284980,NE
ENSG00000284984,NE
ENSG00000285022,NE
ENSG00000285098,NE
ENSG00000285178,NE
ENSG00000285193,E
ENSG00000285226,E
ENSG00000285246,E
ENSG00000285317,E
ENSG00000285339,E
ENSG00000285438,NE
ENSG00000288114,E
ENSG00000288121,E
ENSG00000288124,NE
ENSG00000288149,NE
ENSG00000288250,NE
ENSG00000288257,NE
ENSG00000288283,NE
ENSG00000288359,NE
ENSG00000288407,NE
ENSG00000288478,NE
ENSG00000288503,E
